fold_id,test_start,rows,positives,policy,threshold,calibration_target_met,calibration_precision,calibration_alert_rate,alerts,alert_rate,precision,false_discovery_rate,recall,episode_recall,alert_days_per_ticker_month,watch_or_alert_rate,watch_or_alert_recall,watch_or_alert_episode_recall
0,2016-05-17,6174.0,309.0,f1,0.061306755330501804,True,0.096045197740113,0.08600583090379009,244.0,0.03952057013281503,0.10655737704918032,0.8934426229508197,0.08414239482200647,0.14018691588785046,0.8299319727891156,0.06770327178490444,0.12297734627831715,0.17757009345794392
0,2016-05-17,6174.0,309.0,target_precision:0.2,0.07837778471885225,False,0.12,0.04454162617427924,118.0,0.019112406867508907,0.1016949152542373,0.8983050847457628,0.038834951456310676,0.08411214953271028,0.401360544217687,0.038224813735017814,0.08090614886731391,0.14018691588785046
0,2016-05-17,6174.0,309.0,target_precision:0.25,0.07837778471885225,False,0.12,0.04454162617427924,118.0,0.019112406867508907,0.1016949152542373,0.8983050847457628,0.038834951456310676,0.08411214953271028,0.401360544217687,0.038224813735017814,0.08090614886731391,0.14018691588785046
0,2016-05-17,6174.0,309.0,target_precision:0.3,0.07837778471885225,False,0.12,0.04454162617427924,118.0,0.019112406867508907,0.1016949152542373,0.8983050847457628,0.038834951456310676,0.08411214953271028,0.401360544217687,0.038224813735017814,0.08090614886731391,0.14018691588785046
0,2016-05-17,6174.0,309.0,alert_rate:0.02,0.09876055777668788,True,0.08130081300813008,0.019922254616132166,49.0,0.007936507936507936,0.061224489795918366,0.9387755102040817,0.009708737864077669,0.018691588785046728,0.16666666666666666,0.018626498218334953,0.03559870550161812,0.07476635514018691
0,2016-05-17,6174.0,309.0,alert_rate:0.05,0.0751859171114349,True,0.11038961038961038,0.049886621315192746,143.0,0.0231616456106252,0.11888111888111888,0.8811188811188811,0.05501618122977346,0.11214953271028037,0.48639455782312924,0.04146420472951085,0.08737864077669903,0.14018691588785046
0,2016-05-17,6174.0,309.0,alert_rate:0.1,0.05755747776303334,True,0.08914100486223663,0.09993521218011014,291.0,0.047133138969873666,0.09965635738831616,0.9003436426116839,0.09385113268608414,0.14018691588785046,0.9897959183673469,0.07725947521865889,0.13592233009708737,0.18691588785046728
0,2016-05-17,6174.0,309.0,alert_rate:0.2,0.042302726529696646,True,0.07698541329011345,0.1998704243602203,574.0,0.09297052154195011,0.07665505226480836,0.9233449477351916,0.1423948220064725,0.19626168224299065,1.9523809523809523,0.15873015873015872,0.27184466019417475,0.308411214953271
1,2016-08-16,6174.0,281.0,f1,0.052753505499893244,True,0.07296849087893864,0.29300291545189505,1367.0,0.22141237447359896,0.08339429407461595,0.916605705925384,0.40569395017793597,0.5535714285714286,4.649659863945578,0.913022351797862,0.9572953736654805,0.9642857142857143
1,2016-08-16,6174.0,281.0,target_precision:0.2,0.08146625584408793,False,0.12883435582822086,0.02640103660511824,85.0,0.0137674117265954,0.2235294117647059,0.7764705882352941,0.06761565836298933,0.0625,0.2891156462585034,0.04745707806932297,0.13523131672597866,0.16964285714285715
1,2016-08-16,6174.0,281.0,target_precision:0.25,0.08146625584408793,False,0.12883435582822086,0.02640103660511824,85.0,0.0137674117265954,0.2235294117647059,0.7764705882352941,0.06761565836298933,0.0625,0.2891156462585034,0.04745707806932297,0.13523131672597866,0.16964285714285715
1,2016-08-16,6174.0,281.0,target_precision:0.3,0.08146625584408793,False,0.12883435582822086,0.02640103660511824,85.0,0.0137674117265954,0.2235294117647059,0.7764705882352941,0.06761565836298933,0.0625,0.2891156462585034,0.04745707806932297,0.13523131672597866,0.16964285714285715
1,2016-08-16,6174.0,281.0,alert_rate:0.02,0.08625438656888165,True,0.0975609756097561,0.019922254616132166,55.0,0.008908325234855847,0.23636363636363636,0.7636363636363637,0.046263345195729534,0.044642857142857144,0.18707482993197277,0.036119209588597344,0.1103202846975089,0.11607142857142858
1,2016-08-16,6174.0,281.0,alert_rate:0.05,0.07312255881830822,True,0.09740259740259741,0.049886621315192746,154.0,0.024943310657596373,0.17532467532467533,0.8246753246753247,0.09608540925266904,0.09821428571428571,0.5238095238095238,0.10495626822157435,0.2277580071174377,0.3392857142857143
1,2016-08-16,6174.0,281.0,alert_rate:0.1,0.06419908164343592,True,0.06807131280388978,0.09993521218011014,323.0,0.05231616456106252,0.12074303405572756,0.8792569659442724,0.1387900355871886,0.17857142857142858,1.098639455782313,0.26886945254292194,0.4412811387900356,0.5803571428571429
1,2016-08-16,6174.0,281.0,alert_rate:0.2,0.05628440426222548,True,0.07050243111831442,0.1998704243602203,852.0,0.1379980563654033,0.09389671361502347,0.9061032863849765,0.2846975088967972,0.4375,2.8979591836734695,0.7010042112082928,0.8469750889679716,0.8928571428571429
2,2016-11-14,6174.0,173.0,f1,0.0481737419756235,True,0.09479305740987984,0.12131519274376418,1031.0,0.16699060576611596,0.06013579049466537,0.9398642095053347,0.3583815028901734,0.4864864864864865,3.506802721088435,0.33867832847424684,0.5260115606936416,0.6486486486486487
2,2016-11-14,6174.0,173.0,target_precision:0.2,0.10015275010877688,True,0.2,0.0137674117265954,102.0,0.01652089407191448,0.12745098039215685,0.8725490196078431,0.07514450867052024,0.08108108108108109,0.3469387755102041,0.0369290573372206,0.12138728323699421,0.16216216216216217
2,2016-11-14,6174.0,173.0,target_precision:0.25,0.11805541005833149,True,0.25,0.009070294784580499,61.0,0.009880142533203757,0.14754098360655737,0.8524590163934427,0.05202312138728324,0.08108108108108109,0.2074829931972789,0.021379980563654033,0.09826589595375723,0.12162162162162163
2,2016-11-14,6174.0,173.0,target_precision:0.3,0.12477598506625426,False,0.2708333333333333,0.007774538386783284,48.0,0.007774538386783284,0.14583333333333334,0.8541666666666666,0.04046242774566474,0.06756756756756757,0.16326530612244897,0.01652089407191448,0.07514450867052024,0.08108108108108109
2,2016-11-14,6174.0,173.0,alert_rate:0.02,0.08647205663422751,True,0.16260162601626016,0.019922254616132166,181.0,0.02931648850016197,0.10497237569060773,0.8950276243093923,0.10982658959537572,0.13513513513513514,0.6156462585034014,0.05652737285390347,0.1791907514450867,0.22972972972972974
2,2016-11-14,6174.0,173.0,alert_rate:0.05,0.06234004965839712,True,0.10714285714285714,0.049886621315192746,474.0,0.07677356656948493,0.08016877637130802,0.919831223628692,0.21965317919075145,0.2972972972972973,1.6122448979591837,0.1511175898931001,0.3063583815028902,0.4189189189189189
2,2016-11-14,6174.0,173.0,alert_rate:0.1,0.050874054742520235,True,0.0940032414910859,0.09993521218011014,882.0,0.14285714285714285,0.05895691609977324,0.9410430839002267,0.30057803468208094,0.4189189189189189,3.0,0.28620019436345967,0.4913294797687861,0.6081081081081081
2,2016-11-14,6174.0,173.0,alert_rate:0.2,0.0420789394459947,True,0.07455429497568881,0.1998704243602203,1605.0,0.2599611273080661,0.051713395638629284,0.9482866043613707,0.4797687861271676,0.5945945945945946,5.459183673469388,0.5103660511823778,0.6994219653179191,0.8108108108108109
3,2017-02-15,6174.0,182.0,f1,0.05179896945206221,True,0.08635097493036212,0.11629413670229997,319.0,0.05166828636216391,0.13166144200626959,0.8683385579937304,0.23076923076923078,0.265625,1.0850340136054422,0.10382248137350178,0.3956043956043956,0.46875
3,2017-02-15,6174.0,182.0,target_precision:0.2,0.11005532059027726,True,0.2,0.009718172983479106,40.0,0.00647878198898607,0.1,0.9,0.02197802197802198,0.0625,0.13605442176870747,0.01295756397797214,0.07692307692307693,0.109375
3,2017-02-15,6174.0,182.0,target_precision:0.25,0.11467006235870669,False,0.22448979591836735,0.007936507936507936,35.0,0.005668934240362812,0.08571428571428572,0.9142857142857143,0.016483516483516484,0.046875,0.11904761904761904,0.01101392938127632,0.06593406593406594,0.078125
3,2017-02-15,6174.0,182.0,target_precision:0.3,0.11467006235870669,False,0.22448979591836735,0.007936507936507936,35.0,0.005668934240362812,0.08571428571428572,0.9142857142857143,0.016483516483516484,0.046875,0.11904761904761904,0.01101392938127632,0.06593406593406594,0.078125
3,2017-02-15,6174.0,182.0,alert_rate:0.02,0.09162107379760867,True,0.14634146341463414,0.019922254616132166,68.0,0.01101392938127632,0.17647058823529413,0.8235294117647058,0.06593406593406594,0.078125,0.23129251700680273,0.019760285066407514,0.12637362637362637,0.109375
3,2017-02-15,6174.0,182.0,alert_rate:0.05,0.06881198723929778,True,0.08766233766233766,0.049886621315192746,142.0,0.022999676060900552,0.18309859154929578,0.8169014084507042,0.14285714285714285,0.125,0.4829931972789116,0.04356980887593132,0.2087912087912088,0.234375
3,2017-02-15,6174.0,182.0,alert_rate:0.1,0.05487000829470188,True,0.08752025931928688,0.09993521218011014,270.0,0.043731778425655975,0.14444444444444443,0.8555555555555556,0.21428571428571427,0.25,0.9183673469387754,0.08503401360544217,0.3241758241758242,0.4375
3,2017-02-15,6174.0,182.0,alert_rate:0.2,0.04290939236319544,True,0.06564019448946515,0.1998704243602203,565.0,0.09151279559442825,0.11150442477876106,0.8884955752212389,0.34615384615384615,0.4375,1.9217687074829932,0.20634920634920634,0.5989010989010989,0.6875
4,2017-05-17,6174.0,214.0,f1,0.05,True,0.12839506172839507,0.06559766763848396,580.0,0.09394233884029803,0.13448275862068965,0.8655172413793104,0.3644859813084112,0.3448275862068966,1.9727891156462585,0.12941367022999675,0.43457943925233644,0.4482758620689655
4,2017-05-17,6174.0,214.0,target_precision:0.2,0.08951444512028296,True,0.2,0.022675736961451247,245.0,0.03968253968253968,0.24897959183673468,0.7510204081632653,0.2850467289719626,0.2413793103448276,0.8333333333333333,0.05425979915775834,0.3037383177570093,0.25287356321839083
4,2017-05-17,6174.0,214.0,target_precision:0.25,0.15927018631578393,False,0.24528301886792453,0.008584386135406543,117.0,0.018950437317784258,0.29914529914529914,0.7008547008547008,0.16355140186915887,0.13793103448275862,0.3979591836734694,0.026239067055393587,0.19626168224299065,0.19540229885057472
4,2017-05-17,6174.0,214.0,target_precision:0.3,0.15927018631578393,False,0.24528301886792453,0.008584386135406543,117.0,0.018950437317784258,0.29914529914529914,0.7008547008547008,0.16355140186915887,0.13793103448275862,0.3979591836734694,0.026239067055393587,0.19626168224299065,0.19540229885057472
4,2017-05-17,6174.0,214.0,alert_rate:0.02,0.09544407851158905,True,0.1951219512195122,0.019922254616132166,225.0,0.03644314868804665,0.24444444444444444,0.7555555555555555,0.2570093457943925,0.22988505747126436,0.7653061224489797,0.049886621315192746,0.3037383177570093,0.25287356321839083
4,2017-05-17,6174.0,214.0,alert_rate:0.05,0.05822330302193791,True,0.13636363636363635,0.049886621315192746,454.0,0.0735341755749919,0.15859030837004406,0.8414096916299559,0.3364485981308411,0.3103448275862069,1.5442176870748299,0.10252672497570457,0.38317757009345793,0.3793103448275862
4,2017-05-17,6174.0,214.0,alert_rate:0.1,0.04080032102773605,True,0.10048622366288493,0.09993521218011014,779.0,0.12617427923550373,0.11553273427471117,0.8844672657252888,0.4205607476635514,0.4367816091954023,2.6496598639455784,0.19080012957563977,0.48130841121495327,0.5057471264367817
4,2017-05-17,6174.0,214.0,alert_rate:0.2,0.028835436912806163,True,0.07698541329011345,0.1998704243602203,1528.0,0.2474894719792679,0.07329842931937172,0.9267015706806283,0.5233644859813084,0.5747126436781609,5.197278911564626,0.37933268545513443,0.6261682242990654,0.7011494252873564
5,2017-08-16,6174.0,191.0,f1,0.10833065875509547,True,0.2099644128113879,0.045513443472627146,180.0,0.029154518950437316,0.10555555555555556,0.8944444444444445,0.09947643979057591,0.14516129032258066,0.6122448979591837,0.048104956268221574,0.16230366492146597,0.1935483870967742
5,2017-08-16,6174.0,191.0,target_precision:0.2,0.10154497959085987,True,0.2,0.04940071266601879,210.0,0.034013605442176874,0.10476190476190476,0.8952380952380953,0.11518324607329843,0.14516129032258066,0.7142857142857143,0.0550696469063816,0.17277486910994763,0.20967741935483872
5,2017-08-16,6174.0,191.0,target_precision:0.25,0.17259753435365358,True,0.25,0.018140589569160998,46.0,0.007450599287333981,0.13043478260869565,0.8695652173913043,0.031413612565445025,0.03225806451612903,0.15646258503401358,0.015387107223841918,0.06282722513089005,0.08064516129032258
5,2017-08-16,6174.0,191.0,target_precision:0.3,0.19282249564685944,True,0.3,0.014577259475218658,22.0,0.0035633300939423387,0.22727272727272727,0.7727272727272727,0.02617801047120419,0.03225806451612903,0.07482993197278912,0.011175898931000973,0.041884816753926704,0.04838709677419355
5,2017-08-16,6174.0,191.0,alert_rate:0.02,0.16471243962727525,True,0.23577235772357724,0.019922254616132166,55.0,0.008908325234855847,0.10909090909090909,0.8909090909090909,0.031413612565445025,0.03225806451612903,0.18707482993197277,0.01749271137026239,0.06806282722513089,0.08064516129032258
5,2017-08-16,6174.0,191.0,alert_rate:0.05,0.10123326928865474,True,0.19805194805194806,0.049886621315192746,213.0,0.034499514091350825,0.10328638497652583,0.8967136150234741,0.11518324607329843,0.14516129032258066,0.7244897959183674,0.055717525105280205,0.17277486910994763,0.20967741935483872
5,2017-08-16,6174.0,191.0,alert_rate:0.1,0.06313608822185504,True,0.12965964343598055,0.09993521218011014,599.0,0.09701976028506641,0.07178631051752922,0.9282136894824707,0.225130890052356,0.2903225806451613,2.0374149659863945,0.14998380304502754,0.3089005235602094,0.3225806451612903
5,2017-08-16,6174.0,191.0,alert_rate:0.2,0.04320484572034699,True,0.09076175040518639,0.1998704243602203,1217.0,0.1971169420149012,0.06080525883319639,0.9391947411668036,0.387434554973822,0.3870967741935484,4.139455782312925,0.2988338192419825,0.5654450261780105,0.6290322580645161
6,2017-11-14,6174.0,660.0,f1,0.09057959224971382,True,0.16666666666666666,0.025267249757045675,465.0,0.07531584062196307,0.15913978494623657,0.8408602150537634,0.11212121212121212,0.20855614973262032,1.5816326530612246,0.12989957887917072,0.2106060606060606,0.3315508021390374
6,2017-11-14,6174.0,660.0,target_precision:0.2,0.11224975754993305,True,0.2,0.011337868480725623,239.0,0.03871072238419177,0.14225941422594143,0.8577405857740585,0.051515151515151514,0.12299465240641712,0.8129251700680272,0.07644962747003563,0.11515151515151516,0.20855614973262032
6,2017-11-14,6174.0,660.0,target_precision:0.25,0.12226239108736325,True,0.25,0.00647878198898607,177.0,0.028668610301263362,0.14124293785310735,0.8587570621468926,0.03787878787878788,0.0855614973262032,0.6020408163265306,0.06138645934564302,0.08636363636363636,0.1711229946524064
6,2017-11-14,6174.0,660.0,target_precision:0.3,0.1274540445283423,True,0.3,0.004859086491739553,151.0,0.024457402008422415,0.13245033112582782,0.8675496688741722,0.030303030303030304,0.06951871657754011,0.5136054421768708,0.05344995140913508,0.07424242424242425,0.15508021390374332
6,2017-11-14,6174.0,660.0,alert_rate:0.02,0.09879926794936496,True,0.18699186991869918,0.019922254616132166,367.0,0.0594428247489472,0.14713896457765668,0.8528610354223434,0.08181818181818182,0.16042780748663102,1.2482993197278913,0.10738581146744412,0.17424242424242425,0.27807486631016043
6,2017-11-14,6174.0,660.0,alert_rate:0.05,0.07071556474991214,True,0.11688311688311688,0.049886621315192746,843.0,0.13654033041788144,0.1708185053380783,0.8291814946619217,0.21818181818181817,0.33689839572192515,2.86734693877551,0.2055393586005831,0.31363636363636366,0.47593582887700536
6,2017-11-14,6174.0,660.0,alert_rate:0.1,0.05333630420027399,True,0.08103727714748785,0.09993521218011014,1425.0,0.23080660835762876,0.16140350877192983,0.8385964912280701,0.3484848484848485,0.5294117647058824,4.846938775510204,0.3412698412698413,0.47575757575757577,0.6310160427807486
6,2017-11-14,6174.0,660.0,alert_rate:0.2,0.03890807534190541,True,0.05915721231766612,0.1998704243602203,2482.0,0.4020084224165857,0.14786462530217567,0.8521353746978243,0.556060606060606,0.7112299465240641,8.4421768707483,0.5811467444120505,0.740909090909091,0.839572192513369
7,2018-02-15,6174.0,611.0,f1,0.11227137797648698,True,0.1971608832807571,0.3080660835762877,4820.0,0.7806932296728215,0.10850622406639004,0.8914937759336099,0.855973813420622,0.9279279279279279,16.39455782312925,0.908811143505021,0.955810147299509,0.972972972972973
7,2018-02-15,6174.0,611.0,target_precision:0.2,0.11685911118203517,True,0.2,0.2891156462585034,4630.0,0.7499190152251377,0.10993520518358531,0.8900647948164147,0.8330605564648118,0.9234234234234234,15.748299319727892,0.8898607061872368,0.9410801963993454,0.9684684684684685
7,2018-02-15,6174.0,611.0,target_precision:0.25,0.19389036795803263,True,0.25,0.10042112082928409,2085.0,0.33770651117589895,0.1434052757793765,0.8565947242206235,0.48936170212765956,0.6306306306306306,7.091836734693878,0.5155490767735665,0.6432078559738135,0.7657657657657657
7,2018-02-15,6174.0,611.0,target_precision:0.3,0.37197901906400066,False,0.2962962962962963,0.004373177842565598,135.0,0.021865889212827987,0.26666666666666666,0.7333333333333334,0.058919803600654665,0.08108108108108109,0.4591836734693877,0.09378036929057337,0.18494271685761046,0.2702702702702703
7,2018-02-15,6174.0,611.0,alert_rate:0.02,0.31566315379580595,True,0.21951219512195122,0.019922254616132166,444.0,0.07191448007774538,0.19369369369369369,0.8063063063063063,0.1407528641571195,0.2072072072072072,1.510204081632653,0.17249757045675412,0.29623567921440264,0.4009009009009009
7,2018-02-15,6174.0,611.0,alert_rate:0.05,0.2524166518663953,True,0.2564935064935065,0.049886621315192746,1066.0,0.1726595400064788,0.1697936210131332,0.8302063789868668,0.29623567921440264,0.4009009009009009,3.6258503401360547,0.3091998704243602,0.45499181669394434,0.5945945945945946
7,2018-02-15,6174.0,611.0,alert_rate:0.1,0.19435042660043264,True,0.25121555915721233,0.09993521218011014,2079.0,0.336734693877551,0.14333814333814335,0.8566618566618567,0.4877250409165303,0.6306306306306306,7.071428571428571,0.5134434726271461,0.6415711947626841,0.7657657657657657
7,2018-02-15,6174.0,611.0,alert_rate:0.2,0.14121724176105593,True,0.22042139384116693,0.1998704243602203,3683.0,0.5965338516358925,0.11919630735813196,0.8808036926418681,0.7184942716857611,0.8513513513513513,12.527210884353742,0.7763200518302559,0.855973813420622,0.9279279279279279
8,2018-05-17,6174.0,335.0,f1,0.0973072467772522,True,0.12191684284707541,0.45966958211856174,821.0,0.1329770003239391,0.15347137637028013,0.8465286236297198,0.3761194029850746,0.453781512605042,2.792517006802721,0.3362487852283771,0.6358208955223881,0.7058823529411765
8,2018-05-17,6174.0,335.0,target_precision:0.2,0.1494523742388752,True,0.2,0.029154518950437316,58.0,0.009394233884029803,0.25862068965517243,0.7413793103448276,0.04477611940298507,0.06722689075630252,0.19727891156462585,0.052478134110787174,0.1761194029850746,0.226890756302521
8,2018-05-17,6174.0,335.0,target_precision:0.25,0.15460807277365077,False,0.23076923076923078,0.01473922902494331,29.0,0.004697116942014901,0.20689655172413793,0.7931034482758621,0.01791044776119403,0.04201680672268908,0.09863945578231292,0.045513443472627146,0.16417910447761194,0.2184873949579832
8,2018-05-17,6174.0,335.0,target_precision:0.3,0.15460807277365077,False,0.23076923076923078,0.01473922902494331,29.0,0.004697116942014901,0.20689655172413793,0.7931034482758621,0.01791044776119403,0.04201680672268908,0.09863945578231292,0.045513443472627146,0.16417910447761194,0.2184873949579832
8,2018-05-17,6174.0,335.0,alert_rate:0.02,0.15296942818564935,True,0.2032520325203252,0.019922254616132166,39.0,0.006316812439261419,0.20512820512820512,0.7948717948717949,0.023880597014925373,0.05042016806722689,0.1326530612244898,0.047619047619047616,0.1701492537313433,0.2184873949579832
8,2018-05-17,6174.0,335.0,alert_rate:0.05,0.14497080568927942,True,0.18181818181818182,0.049886621315192746,95.0,0.015387107223841918,0.24210526315789474,0.7578947368421053,0.06865671641791045,0.10084033613445378,0.3231292517006803,0.06203433754454163,0.208955223880597,0.2773109243697479
8,2018-05-17,6174.0,335.0,alert_rate:0.1,0.1349464624512353,True,0.16369529983792544,0.09993521218011014,179.0,0.028992549400712667,0.20670391061452514,0.7932960893854748,0.11044776119402985,0.11764705882352941,0.608843537414966,0.08519598315516683,0.28059701492537314,0.3445378151260504
8,2018-05-17,6174.0,335.0,alert_rate:0.2,0.12049937458938205,True,0.1353322528363047,0.1998704243602203,308.0,0.049886621315192746,0.18831168831168832,0.8116883116883117,0.17313432835820897,0.226890756302521,1.0476190476190477,0.13896987366375121,0.39104477611940297,0.47058823529411764
9,2018-08-16,6174.0,892.0,f1,0.07549098377456452,True,0.13259668508287292,0.14658244250080985,1479.0,0.23955296404275997,0.2434077079107505,0.7565922920892495,0.40358744394618834,0.5056603773584906,5.030612244897959,0.3250728862973761,0.4966367713004484,0.630188679245283
9,2018-08-16,6174.0,892.0,target_precision:0.2,0.1753081913777735,True,0.2,0.017816650469711693,341.0,0.055231616456106254,0.41055718475073316,0.5894428152492668,0.15695067264573992,0.18867924528301888,1.1598639455782314,0.08973113054745707,0.22533632286995517,0.2943396226415094
9,2018-08-16,6174.0,892.0,target_precision:0.25,0.1872979563177864,False,0.2261904761904762,0.013605442176870748,298.0,0.04826692581794623,0.40939597315436244,0.5906040268456376,0.1367713004484305,0.16981132075471697,1.0136054421768708,0.0782312925170068,0.2062780269058296,0.26037735849056604
9,2018-08-16,6174.0,892.0,target_precision:0.3,0.1872979563177864,False,0.2261904761904762,0.013605442176870748,298.0,0.04826692581794623,0.40939597315436244,0.5906040268456376,0.1367713004484305,0.16981132075471697,1.0136054421768708,0.0782312925170068,0.2062780269058296,0.26037735849056604
9,2018-08-16,6174.0,892.0,alert_rate:0.02,0.16920654823418582,True,0.18699186991869918,0.019922254616132166,361.0,0.058471007450599286,0.40443213296398894,0.5955678670360111,0.16367713004484305,0.19622641509433963,1.227891156462585,0.09507612568837058,0.23318385650224216,0.3132075471698113
9,2018-08-16,6174.0,892.0,alert_rate:0.05,0.12028690946609262,True,0.16558441558441558,0.049886621315192746,728.0,0.11791383219954649,0.3241758241758242,0.6758241758241759,0.2645739910313901,0.35094339622641507,2.4761904761904763,0.16877227081308713,0.3239910313901345,0.41132075471698115
9,2018-08-16,6174.0,892.0,alert_rate:0.1,0.09004002756069658,True,0.14910858995137763,0.09993521218011014,1146.0,0.18561710398445092,0.2705061082024433,0.7294938917975566,0.3475336322869955,0.4490566037735849,3.897959183673469,0.25672173631357303,0.42937219730941706,0.5320754716981132
9,2018-08-16,6174.0,892.0,alert_rate:0.2,0.06637118084975385,True,0.1166936790923825,0.1998704243602203,1760.0,0.2850664075153871,0.23068181818181818,0.7693181818181818,0.4551569506726457,0.5735849056603773,5.986394557823129,0.38095238095238093,0.5571748878923767,0.690566037735849
10,2018-11-14,6174.0,945.0,f1,0.14213019451278183,True,0.20524781341107873,0.2777777777777778,3824.0,0.6193715581470683,0.1864539748953975,0.8135460251046025,0.7544973544973544,0.8439716312056738,13.006802721088436,0.8305798509880142,0.9142857142857143,0.9184397163120568
10,2018-11-14,6174.0,945.0,target_precision:0.2,0.13977343660398286,True,0.2,0.29073534175574994,3947.0,0.6392938127632005,0.18495059538890296,0.815049404611097,0.7724867724867724,0.8475177304964538,13.42517006802721,0.844185293164885,0.9216931216931217,0.925531914893617
10,2018-11-14,6174.0,945.0,target_precision:0.25,0.19254745005883625,True,0.25,0.1198574667962423,2043.0,0.33090379008746357,0.21341164953499756,0.7865883504650024,0.4613756613756614,0.5780141843971631,6.948979591836735,0.5366051182377714,0.6814814814814815,0.776595744680851
10,2018-11-14,6174.0,945.0,target_precision:0.3,0.22551859116547762,True,0.3,0.07126660187884677,1306.0,0.2115322319403952,0.23660030627871362,0.7633996937212864,0.326984126984127,0.4148936170212766,4.442176870748299,0.38807904114026565,0.526984126984127,0.6453900709219859
10,2018-11-14,6174.0,945.0,alert_rate:0.02,0.3085458449339955,True,0.4065040650406504,0.019922254616132166,294.0,0.047619047619047616,0.32653061224489793,0.6734693877551021,0.10158730158730159,0.14184397163120568,1.0,0.15662455458373825,0.2518518518518518,0.30141843971631205
10,2018-11-14,6174.0,945.0,alert_rate:0.05,0.2525045141382204,True,0.32792207792207795,0.049886621315192746,879.0,0.1423712342079689,0.24914675767918087,0.7508532423208192,0.23174603174603176,0.2872340425531915,2.989795918367347,0.2904114026563006,0.4084656084656085,0.5177304964539007
10,2018-11-14,6174.0,945.0,alert_rate:0.1,0.20344890150571465,True,0.26094003241491087,0.09993521218011014,1758.0,0.2847424684159378,0.21729237770193402,0.782707622298066,0.4042328042328042,0.5177304964539007,5.979591836734694,0.48250728862973763,0.6296296296296297,0.723404255319149
10,2018-11-14,6174.0,945.0,alert_rate:0.2,0.16031396673812398,True,0.21393841166936792,0.1998704243602203,3074.0,0.49789439585357953,0.19843851659076123,0.8015614834092388,0.6455026455026455,0.7411347517730497,10.45578231292517,0.7252996436669906,0.8433862433862434,0.8900709219858156
11,2019-02-19,6174.0,438.0,f1,0.16190152190146562,True,0.25772797527047914,0.4191771946873988,700.0,0.11337868480725624,0.19857142857142857,0.8014285714285714,0.317351598173516,0.35294117647058826,2.380952380952381,0.20359572400388726,0.4429223744292237,0.49019607843137253
11,2019-02-19,6174.0,438.0,target_precision:0.2,0.101570120912497,True,0.2,0.8090379008746356,2351.0,0.3807904114026563,0.1156954487452148,0.8843045512547852,0.6210045662100456,0.6797385620915033,7.996598639455782,0.6436669906057662,0.7945205479452054,0.8562091503267973
11,2019-02-19,6174.0,438.0,target_precision:0.25,0.15282721589830506,True,0.25,0.46258503401360546,811.0,0.13135730482669258,0.18372379778051787,0.8162762022194822,0.3401826484018265,0.3790849673202614,2.758503401360544,0.23501781665046972,0.4840182648401826,0.5359477124183006
11,2019-02-19,6174.0,438.0,target_precision:0.3,0.23550163383480893,True,0.30017152658662094,0.18885649497894397,240.0,0.038872691933916424,0.2791666666666667,0.7208333333333333,0.15296803652968036,0.20915032679738563,0.8163265306122449,0.0732102364755426,0.24885844748858446,0.2679738562091503
11,2019-02-19,6174.0,438.0,alert_rate:0.02,0.4115245730482085,True,0.43902439024390244,0.019922254616132166,2.0,0.00032393909944930353,0.0,1.0,0.0,0.0,0.006802721088435374,0.009556203433754453,0.0319634703196347,0.0784313725490196
11,2019-02-19,6174.0,438.0,alert_rate:0.05,0.35624674171713483,True,0.36688311688311687,0.049886621315192746,31.0,0.005021056041464205,0.2903225806451613,0.7096774193548387,0.02054794520547945,0.058823529411764705,0.1054421768707483,0.019112406867508907,0.08447488584474885,0.13071895424836602
11,2019-02-19,6174.0,438.0,alert_rate:0.1,0.29202142105260614,True,0.3371150729335494,0.09993521218011014,108.0,0.01749271137026239,0.2962962962962963,0.7037037037037037,0.0730593607305936,0.11764705882352941,0.3673469387755102,0.040006478781988986,0.15753424657534246,0.21568627450980393
11,2019-02-19,6174.0,438.0,alert_rate:0.2,0.2299250281635428,True,0.2941653160453809,0.1998704243602203,260.0,0.04211208292840946,0.28846153846153844,0.7115384615384616,0.17123287671232876,0.22875816993464052,0.8843537414965987,0.07871720116618076,0.2602739726027397,0.27450980392156865
12,2019-05-20,6223.0,582.0,f1,0.09673245684135579,True,0.16763848396501457,0.1111111111111111,1014.0,0.16294391772457015,0.16962524654832348,0.8303747534516766,0.29553264604810997,0.36574074074074076,3.414141414141414,0.2845894263217098,0.4261168384879725,0.5092592592592593
12,2019-05-20,6223.0,582.0,target_precision:0.2,0.12276115382226066,True,0.2,0.05668934240362812,522.0,0.08388237184637634,0.2049808429118774,0.7950191570881227,0.18384879725085912,0.24074074074074073,1.7575757575757576,0.1537843483850233,0.2800687285223368,0.35648148148148145
12,2019-05-20,6223.0,582.0,target_precision:0.25,0.1737576889345107,True,0.25,0.021379980563654033,181.0,0.02908565000803471,0.292817679558011,0.7071823204419889,0.09106529209621993,0.14351851851851852,0.6094276094276094,0.057849911618190586,0.14261168384879724,0.18055555555555555
12,2019-05-20,6223.0,582.0,target_precision:0.3,0.1741310933996553,False,0.25190839694656486,0.02121801101392938,179.0,0.028764261610155873,0.29608938547486036,0.7039106145251397,0.09106529209621993,0.14351851851851852,0.6026936026936026,0.05768921741925116,0.140893470790378,0.18055555555555555
12,2019-05-20,6223.0,582.0,alert_rate:0.02,0.17586949350101813,True,0.23577235772357724,0.019922254616132166,173.0,0.027800096416519364,0.2947976878612717,0.7052023121387283,0.08762886597938144,0.13425925925925927,0.5824915824915825,0.055760887031978144,0.13917525773195877,0.17592592592592593
12,2019-05-20,6223.0,582.0,alert_rate:0.05,0.12860602823609205,True,0.19805194805194806,0.049886621315192746,455.0,0.07311586051743532,0.21318681318681318,0.7868131868131868,0.16666666666666666,0.2175925925925926,1.531986531986532,0.13578659810380844,0.2663230240549828,0.3425925925925926
12,2019-05-20,6223.0,582.0,alert_rate:0.1,0.10060871615487782,True,0.17179902755267423,0.09993521218011014,896.0,0.1439820022497188,0.17633928571428573,0.8236607142857143,0.27147766323024053,0.3472222222222222,3.0168350168350173,0.2579141892977663,0.39690721649484534,0.49074074074074076
12,2019-05-20,6223.0,582.0,alert_rate:0.2,0.07742136070375387,True,0.1312803889789303,0.1998704243602203,1771.0,0.2845894263217098,0.14003387916431395,0.859966120835686,0.4261168384879725,0.5092592592592593,5.962962962962963,0.46537040012855535,0.627147766323024,0.7129629629629629
13,2019-08-19,6237.0,312.0,f1,0.12213580807440123,True,0.1968174204355109,0.19202315857188806,1033.0,0.1656244989578323,0.09583736689254599,0.904162633107454,0.3173076923076923,0.36752136752136755,3.4781144781144784,0.3070386403719737,0.46474358974358976,0.5641025641025641
13,2019-08-19,6237.0,312.0,target_precision:0.2,0.12483702172489358,True,0.2,0.18173045995496945,972.0,0.15584415584415584,0.09979423868312758,0.9002057613168725,0.3108974358974359,0.358974358974359,3.2727272727272725,0.2886002886002886,0.44551282051282054,0.5299145299145299
13,2019-08-19,6237.0,312.0,target_precision:0.25,0.19707408641466773,True,0.25,0.054679961402380184,280.0,0.04489337822671156,0.16785714285714284,0.8321428571428572,0.15064102564102563,0.17094017094017094,0.9427609427609427,0.08160974827641494,0.20192307692307693,0.23931623931623933
13,2019-08-19,6237.0,312.0,target_precision:0.3,0.21869391430534454,True,0.3,0.0369893856545513,201.0,0.03222703222703223,0.20398009950248755,0.7960199004975125,0.13141025641025642,0.17094017094017094,0.6767676767676768,0.062209395542728876,0.1762820512820513,0.19658119658119658
13,2019-08-19,6237.0,312.0,alert_rate:0.02,0.2597872342656028,True,0.33064516129032256,0.019942103570279833,115.0,0.018438351771685103,0.2956521739130435,0.7043478260869565,0.10897435897435898,0.1452991452991453,0.38720538720538716,0.038640371973705304,0.14102564102564102,0.17094017094017094
13,2019-08-19,6237.0,312.0,alert_rate:0.05,0.20223290060893573,True,0.26129032258064516,0.04985525892569958,260.0,0.04168670835337502,0.17692307692307693,0.823076923076923,0.14743589743589744,0.17094017094017094,0.8754208754208754,0.07487574154240821,0.1955128205128205,0.23076923076923078
13,2019-08-19,6237.0,312.0,alert_rate:0.1,0.1565594761123869,True,0.2222222222222222,0.09987134126728851,520.0,0.08337341670675004,0.12307692307692308,0.8769230769230769,0.20512820512820512,0.24786324786324787,1.7508417508417509,0.15472182138848806,0.3108974358974359,0.358974358974359
13,2019-08-19,6237.0,312.0,alert_rate:0.2,0.12040026736543548,True,0.19308125502815768,0.19990350595046638,1065.0,0.17075517075517074,0.09389671361502347,0.9061032863849765,0.32051282051282054,0.36752136752136755,3.5858585858585856,0.3203463203463203,0.483974358974359,0.5811965811965812
14,2019-11-15,6237.0,354.0,f1,0.1349794432047941,True,0.25925925925925924,0.030303030303030304,48.0,0.007696007696007696,0.020833333333333332,0.9791666666666666,0.002824858757062147,0.005847953216374269,0.16161616161616163,0.0160333493666827,0.00847457627118644,0.017543859649122806
14,2019-11-15,6237.0,354.0,target_precision:0.2,0.11693559873642355,True,0.2,0.04489337822671156,75.0,0.012025012025012025,0.02666666666666667,0.9733333333333334,0.005649717514124294,0.011695906432748537,0.25252525252525254,0.02725669392336059,0.01977401129943503,0.03508771929824561
14,2019-11-15,6237.0,354.0,target_precision:0.25,0.13115797892660047,True,0.25,0.03270803270803271,51.0,0.008177008177008177,0.0196078431372549,0.9803921568627451,0.002824858757062147,0.005847953216374269,0.1717171717171717,0.017957351290684626,0.00847457627118644,0.017543859649122806
14,2019-11-15,6237.0,354.0,target_precision:0.3,0.14526290133360037,True,0.3006993006993007,0.02292768959435626,34.0,0.005451338784672118,0.029411764705882353,0.9705882352941176,0.002824858757062147,0.005847953216374269,0.11447811447811448,0.01282667949334616,0.00847457627118644,0.017543859649122806
14,2019-11-15,6237.0,354.0,alert_rate:0.02,0.1523979724325896,True,0.29838709677419356,0.019881353214686547,32.0,0.005130671797338464,0.03125,0.96875,0.002824858757062147,0.005847953216374269,0.10774410774410775,0.01074234407567741,0.005649717514124294,0.011695906432748537
14,2019-11-15,6237.0,354.0,alert_rate:0.05,0.1116296903208024,True,0.1832797427652733,0.0498637165303832,90.0,0.01443001443001443,0.03333333333333333,0.9666666666666667,0.00847457627118644,0.017543859649122806,0.30303030303030304,0.031585698252364916,0.031073446327683617,0.05847953216374269
14,2019-11-15,6237.0,354.0,alert_rate:0.1,0.08420292114999446,True,0.13001605136436598,0.09988776655443322,238.0,0.038159371492704826,0.06722689075630252,0.9327731092436975,0.04519774011299435,0.07602339181286549,0.8013468013468014,0.07567740901074234,0.0903954802259887,0.15204678362573099
14,2019-11-15,6237.0,354.0,alert_rate:0.2,0.0633018814144218,True,0.09783480352846832,0.19993586660253326,569.0,0.09122975789642457,0.06854130052724078,0.9314586994727592,0.11016949152542373,0.17543859649122806,1.9158249158249159,0.17780984447651113,0.23728813559322035,0.3391812865497076
15,2020-02-19,6237.0,2549.0,f1,0.04161462922563686,True,0.061587301587301586,0.25252525252525254,5897.0,0.9454866121532788,0.39342038324571815,0.6065796167542818,0.9101608473911338,0.9684542586750788,19.855218855218855,0.9942279942279942,0.9886229894076108,0.998422712933754
15,2020-02-19,6237.0,2549.0,target_precision:0.2,0.042480504998795604,False,0.06202090592334495,0.23007856341189675,5857.0,0.9390732724066058,0.39303397643844973,0.6069660235615503,0.9030992546096508,0.9637223974763407,19.72053872053872,0.9919833253166587,0.9850921930168693,0.998422712933754
15,2020-02-19,6237.0,2549.0,target_precision:0.25,0.042480504998795604,False,0.06202090592334495,0.23007856341189675,5857.0,0.9390732724066058,0.39303397643844973,0.6069660235615503,0.9030992546096508,0.9637223974763407,19.72053872053872,0.9919833253166587,0.9850921930168693,0.998422712933754
15,2020-02-19,6237.0,2549.0,target_precision:0.3,0.042480504998795604,False,0.06202090592334495,0.23007856341189675,5857.0,0.9390732724066058,0.39303397643844973,0.6069660235615503,0.9030992546096508,0.9637223974763407,19.72053872053872,0.9919833253166587,0.9850921930168693,0.998422712933754
15,2020-02-19,6237.0,2549.0,alert_rate:0.02,0.0655112491050121,True,0.008064516129032258,0.019881353214686547,4292.0,0.6881513548180215,0.424044734389562,0.5759552656104381,0.7140054923499412,0.7665615141955836,14.451178451178452,0.8444765111431778,0.8211063162024324,0.886435331230284
15,2020-02-19,6237.0,2549.0,alert_rate:0.05,0.056030390350412886,True,0.04823151125401929,0.0498637165303832,4984.0,0.7991021324354658,0.4044943820224719,0.5955056179775281,0.7908983915260887,0.8580441640378549,16.781144781144782,0.9209555876222543,0.883876029815614,0.9511041009463722
15,2020-02-19,6237.0,2549.0,alert_rate:0.1,0.04966047321566705,True,0.056179775280898875,0.09988776655443322,5447.0,0.8733365400032067,0.3936111621075822,0.6063888378924178,0.841114162416634,0.9116719242902208,18.340067340067343,0.9626422959756293,0.9317379364456649,0.9779179810725552
15,2020-02-19,6237.0,2549.0,alert_rate:0.2,0.04369819368136515,True,0.05854049719326383,0.19993586660253326,5801.0,0.9300945967612634,0.39096707464230307,0.6090329253576969,0.8897606904668497,0.9542586750788643,19.53198653198653,0.9887766554433222,0.9784229109454688,0.998422712933754
16,2020-05-19,6237.0,753.0,f1,0.3917041803350474,True,0.4244027577360911,1.0,6234.0,0.9995189995189995,0.12078922040423484,0.8792107795957651,1.0,1.0,20.98989898989899,1.0,1.0,1.0
16,2020-05-19,6237.0,753.0,target_precision:0.2,0.3917041803350474,True,0.4244027577360911,1.0,6234.0,0.9995189995189995,0.12078922040423484,0.8792107795957651,1.0,1.0,20.98989898989899,1.0,1.0,1.0
16,2020-05-19,6237.0,753.0,target_precision:0.25,0.3917041803350474,True,0.4244027577360911,1.0,6234.0,0.9995189995189995,0.12078922040423484,0.8792107795957651,1.0,1.0,20.98989898989899,1.0,1.0,1.0
16,2020-05-19,6237.0,753.0,target_precision:0.3,0.3917041803350474,True,0.4244027577360911,1.0,6234.0,0.9995189995189995,0.12078922040423484,0.8792107795957651,1.0,1.0,20.98989898989899,1.0,1.0,1.0
16,2020-05-19,6237.0,753.0,alert_rate:0.02,0.43694187383315,True,0.47580645161290325,0.019881353214686547,0.0,0.0,,,0.0,0.0,0.0,1.0,1.0,1.0
16,2020-05-19,6237.0,753.0,alert_rate:0.05,0.43690581499401904,True,0.4887459807073955,0.0498637165303832,1.0,0.000160333493666827,0.0,1.0,0.0,0.0,0.0033670033670033673,1.0,1.0,1.0
16,2020-05-19,6237.0,753.0,alert_rate:0.1,0.43679986226958184,True,0.4911717495987159,0.09988776655443322,8.0,0.001282667949334616,0.75,0.25,0.00796812749003984,0.011278195488721804,0.02693602693602694,1.0,1.0,1.0
16,2020-05-19,6237.0,753.0,alert_rate:0.2,0.4362310935717164,True,0.48035284683239776,0.19993586660253326,37.0,0.005932339265672599,0.5135135135135135,0.4864864864864865,0.025232403718459494,0.015037593984962405,0.12457912457912458,1.0,1.0,1.0
17,2020-08-18,6250.0,813.0,f1,0.11007205362644382,True,0.13827893175074185,0.540323873657207,3166.0,0.50656,0.1560328490208465,0.8439671509791535,0.6076260762607626,0.7456445993031359,10.553333333333333,0.98768,0.996309963099631,0.9965156794425087
17,2020-08-18,6250.0,813.0,target_precision:0.2,0.17007611152725424,True,0.2,0.042488375821709154,209.0,0.03344,0.28708133971291866,0.7129186602870814,0.07380073800738007,0.11149825783972125,0.6966666666666667,0.15136,0.23493234932349324,0.34494773519163763
17,2020-08-18,6250.0,813.0,target_precision:0.25,0.17984316030419217,True,0.25,0.026936026936026935,140.0,0.0224,0.32142857142857145,0.6785714285714286,0.055350553505535055,0.09059233449477352,0.4666666666666667,0.10368,0.17097170971709716,0.26480836236933797
17,2020-08-18,6250.0,813.0,target_precision:0.3,0.18664511109318624,True,0.3,0.02084335417668751,97.0,0.01552,0.30927835051546393,0.6907216494845361,0.03690036900369004,0.059233449477351915,0.3233333333333333,0.08304,0.14637146371463713,0.21951219512195122
17,2020-08-18,6250.0,813.0,alert_rate:0.02,0.1877771782093257,True,0.29838709677419356,0.019881353214686547,93.0,0.01488,0.3010752688172043,0.6989247311827957,0.03444034440344403,0.05226480836236934,0.31,0.08032,0.14391143911439114,0.21602787456445993
17,2020-08-18,6250.0,813.0,alert_rate:0.05,0.1663194609519446,True,0.18971061093247588,0.0498637165303832,258.0,0.04128,0.26744186046511625,0.7325581395348837,0.08487084870848709,0.1254355400696864,0.8600000000000001,0.17312,0.25584255842558423,0.37282229965156793
17,2020-08-18,6250.0,813.0,alert_rate:0.1,0.15098276985800768,True,0.15730337078651685,0.09988776655443322,485.0,0.0776,0.23505154639175257,0.7649484536082474,0.14022140221402213,0.21254355400696864,1.6166666666666667,0.30464,0.4095940959409594,0.5505226480836237
17,2020-08-18,6250.0,813.0,alert_rate:0.2,0.13515382929223413,True,0.14995990376904572,0.19993586660253326,978.0,0.15648,0.20040899795501022,0.7995910020449898,0.24108241082410825,0.3519163763066202,3.26,0.55024,0.6457564575645757,0.7700348432055749
18,2020-11-16,6300.0,507.0,f1,0.12580361523718284,True,0.1667815299793246,0.4646917534027222,2553.0,0.40523809523809523,0.10027418723070897,0.8997258127692911,0.504930966469428,0.5441176470588235,8.51,0.8147619047619048,0.8895463510848126,0.9215686274509803
18,2020-11-16,6300.0,507.0,target_precision:0.2,0.15355188142441853,True,0.2,0.21617293835068055,1009.0,0.16015873015873017,0.10901883052527254,0.8909811694747275,0.21696252465483234,0.27450980392156865,3.3633333333333333,0.44492063492063494,0.5404339250493096,0.5882352941176471
18,2020-11-16,6300.0,507.0,target_precision:0.25,0.19049970155501147,True,0.25,0.07942353883106486,343.0,0.05444444444444444,0.17784256559766765,0.8221574344023324,0.1203155818540434,0.1323529411764706,1.1433333333333333,0.16682539682539682,0.22485207100591717,0.27450980392156865
18,2020-11-16,6300.0,507.0,target_precision:0.3,0.23126820878287585,True,0.3005464480874317,0.029303442754203362,134.0,0.02126984126984127,0.27611940298507465,0.7238805970149254,0.07297830374753451,0.07352941176470588,0.44666666666666666,0.06063492063492063,0.126232741617357,0.13725490196078433
18,2020-11-16,6300.0,507.0,alert_rate:0.02,0.24895088296872073,True,0.3225806451612903,0.019855884707766214,102.0,0.01619047619047619,0.30392156862745096,0.696078431372549,0.0611439842209073,0.05392156862745098,0.33999999999999997,0.04317460317460318,0.10453648915187377,0.11274509803921569
18,2020-11-16,6300.0,507.0,alert_rate:0.05,0.21079141762361664,True,0.25961538461538464,0.0499599679743795,199.0,0.03158730158730159,0.23115577889447236,0.7688442211055276,0.09072978303747535,0.09313725490196079,0.6633333333333333,0.09968253968253968,0.15779092702169625,0.17647058823529413
18,2020-11-16,6300.0,507.0,alert_rate:0.1,0.18197894541575793,True,0.23076923076923078,0.099919935948759,423.0,0.06714285714285714,0.15602836879432624,0.8439716312056738,0.1301775147928994,0.14215686274509803,1.41,0.21063492063492065,0.2702169625246548,0.3284313725490196
18,2020-11-16,6300.0,507.0,alert_rate:0.2,0.1569546247762676,True,0.200160128102482,0.2,913.0,0.14492063492063492,0.11500547645125958,0.8849945235487404,0.20710059171597633,0.2647058823529412,3.0433333333333334,0.4076190476190476,0.5069033530571992,0.5441176470588235
19,2021-02-18,6300.0,551.0,f1,0.1123450691674189,True,0.17801047120418848,0.06063492063492063,357.0,0.056666666666666664,0.3137254901960784,0.6862745098039216,0.20326678765880218,0.23394495412844038,1.19,0.14523809523809525,0.3629764065335753,0.39908256880733944
19,2021-02-18,6300.0,551.0,target_precision:0.2,0.12053820549595134,True,0.2,0.04523809523809524,255.0,0.04047619047619048,0.34509803921568627,0.6549019607843137,0.15970961887477314,0.1926605504587156,0.8500000000000001,0.10682539682539682,0.3103448275862069,0.3302752293577982
19,2021-02-18,6300.0,551.0,target_precision:0.25,0.14036313130475714,True,0.25,0.025396825396825397,116.0,0.018412698412698412,0.43103448275862066,0.5689655172413793,0.09074410163339383,0.11926605504587157,0.38666666666666666,0.056666666666666664,0.20326678765880218,0.23394495412844038
19,2021-02-18,6300.0,551.0,target_precision:0.3,0.16333042138610782,True,0.3020833333333333,0.015238095238095238,64.0,0.010158730158730159,0.546875,0.453125,0.06352087114337568,0.06422018348623854,0.21333333333333332,0.02666666666666667,0.12341197822141561,0.1651376146788991
19,2021-02-18,6300.0,551.0,alert_rate:0.02,0.15066826112641588,True,0.2777777777777778,0.02,85.0,0.013492063492063493,0.47058823529411764,0.5294117647058824,0.07259528130671507,0.08256880733944955,0.2833333333333333,0.04047619047619048,0.15970961887477314,0.1926605504587156
19,2021-02-18,6300.0,551.0,alert_rate:0.05,0.11735235861325558,True,0.19047619047619047,0.05,286.0,0.045396825396825394,0.3321678321678322,0.6678321678321678,0.1724137931034483,0.2018348623853211,0.9533333333333333,0.11904761904761904,0.3339382940108893,0.3623853211009174
19,2021-02-18,6300.0,551.0,alert_rate:0.1,0.10092568731382728,True,0.13174603174603175,0.1,565.0,0.08968253968253968,0.26548672566371684,0.7345132743362832,0.27223230490018147,0.2981651376146789,1.8833333333333333,0.22253968253968254,0.4537205081669691,0.5
19,2021-02-18,6300.0,551.0,alert_rate:0.2,0.08616600998148159,True,0.10238095238095238,0.2,1078.0,0.1711111111111111,0.19573283858998144,0.8042671614100185,0.38294010889292196,0.41743119266055045,3.5933333333333333,0.4201587301587302,0.6442831215970962,0.7201834862385321
20,2021-05-19,6300.0,377.0,f1,0.14178208925294722,True,0.25136612021857924,0.11619047619047619,393.0,0.062380952380952384,0.09669211195928754,0.9033078880407125,0.10079575596816977,0.1702127659574468,1.31,0.11857142857142858,0.1883289124668435,0.2978723404255319
20,2021-05-19,6300.0,377.0,target_precision:0.2,0.11939352392520192,True,0.2,0.17539682539682538,646.0,0.10253968253968254,0.09442724458204334,0.9055727554179567,0.16180371352785147,0.2624113475177305,2.1533333333333333,0.1926984126984127,0.29973474801061006,0.46808510638297873
20,2021-05-19,6300.0,377.0,target_precision:0.25,0.141429209475361,True,0.25,0.11746031746031746,395.0,0.0626984126984127,0.09620253164556962,0.9037974683544304,0.10079575596816977,0.1702127659574468,1.3166666666666667,0.11888888888888889,0.1883289124668435,0.2978723404255319
20,2021-05-19,6300.0,377.0,target_precision:0.3,0.17626168628130337,True,0.3,0.06984126984126984,214.0,0.03396825396825397,0.102803738317757,0.897196261682243,0.058355437665782495,0.10638297872340426,0.7133333333333333,0.06301587301587301,0.10079575596816977,0.1702127659574468
20,2021-05-19,6300.0,377.0,alert_rate:0.02,0.27209152302530565,True,0.4444444444444444,0.02,52.0,0.008253968253968255,0.11538461538461539,0.8846153846153846,0.015915119363395226,0.028368794326241134,0.17333333333333334,0.017619047619047618,0.029177718832891247,0.05673758865248227
20,2021-05-19,6300.0,377.0,alert_rate:0.05,0.1997976142211588,True,0.326984126984127,0.05,144.0,0.022857142857142857,0.08333333333333333,0.9166666666666666,0.03183023872679045,0.05673758865248227,0.48,0.04587301587301587,0.07692307692307693,0.1347517730496454
20,2021-05-19,6300.0,377.0,alert_rate:0.1,0.15110386237890763,True,0.2698412698412698,0.1,327.0,0.051904761904761905,0.09785932721712538,0.9021406727828746,0.08488063660477453,0.14184397163120568,1.09,0.09888888888888889,0.15119363395225463,0.24113475177304963
20,2021-05-19,6300.0,377.0,alert_rate:0.2,0.1132455606787837,True,0.19126984126984126,0.2,749.0,0.11888888888888889,0.09479305740987984,0.9052069425901201,0.1883289124668435,0.2978723404255319,2.4966666666666666,0.22428571428571428,0.35278514588859416,0.5177304964539007
21,2021-08-18,6300.0,339.0,f1,0.05807787317959561,True,0.09959893048128342,0.23746031746031745,1455.0,0.23095238095238096,0.0838487972508591,0.9161512027491409,0.35988200589970504,0.4728682170542636,4.8500000000000005,0.49206349206349204,0.6489675516224189,0.7286821705426356
21,2021-08-18,6300.0,339.0,target_precision:0.2,0.20599119353542283,False,0.14285714285714285,0.0033333333333333335,11.0,0.001746031746031746,0.18181818181818182,0.8181818181818181,0.0058997050147492625,0.015503875968992248,0.03666666666666667,0.006507936507936508,0.035398230088495575,0.046511627906976744
21,2021-08-18,6300.0,339.0,target_precision:0.25,0.20599119353542283,False,0.14285714285714285,0.0033333333333333335,11.0,0.001746031746031746,0.18181818181818182,0.8181818181818181,0.0058997050147492625,0.015503875968992248,0.03666666666666667,0.006507936507936508,0.035398230088495575,0.046511627906976744
21,2021-08-18,6300.0,339.0,target_precision:0.3,0.20599119353542283,False,0.14285714285714285,0.0033333333333333335,11.0,0.001746031746031746,0.18181818181818182,0.8181818181818181,0.0058997050147492625,0.015503875968992248,0.03666666666666667,0.006507936507936508,0.035398230088495575,0.046511627906976744
21,2021-08-18,6300.0,339.0,alert_rate:0.02,0.11884692378065358,True,0.07142857142857142,0.02,90.0,0.014285714285714285,0.2,0.8,0.05309734513274336,0.06976744186046512,0.3,0.034126984126984124,0.10324483775811209,0.14728682170542637
21,2021-08-18,6300.0,339.0,alert_rate:0.05,0.09255121633274374,True,0.08571428571428572,0.05,243.0,0.03857142857142857,0.1522633744855967,0.8477366255144033,0.10914454277286136,0.15503875968992248,0.8099999999999999,0.09492063492063492,0.15634218289085547,0.23255813953488372
21,2021-08-18,6300.0,339.0,alert_rate:0.1,0.0754270022425556,True,0.09206349206349207,0.1,559.0,0.08873015873015873,0.09123434704830054,0.9087656529516994,0.1504424778761062,0.21705426356589147,1.8633333333333333,0.2003174603174603,0.31268436578171094,0.4186046511627907
21,2021-08-18,6300.0,339.0,alert_rate:0.2,0.061264465649892734,True,0.0992063492063492,0.2,1204.0,0.19111111111111112,0.08471760797342193,0.915282392026578,0.3008849557522124,0.4108527131782946,4.013333333333334,0.4180952380952381,0.5693215339233039,0.6666666666666666
22,2021-11-16,6300.0,1102.0,f1,0.09085676572585308,True,0.13123844731977818,0.08587301587301588,1804.0,0.28634920634920635,0.2621951219512195,0.7378048780487805,0.42921960072595283,0.5040214477211796,6.013333333333334,0.44873015873015876,0.5753176043557169,0.6702412868632708
22,2021-11-16,6300.0,1102.0,target_precision:0.2,0.12320415200864983,True,0.2,0.026984126984126985,1011.0,0.16047619047619047,0.33926805143422356,0.6607319485657764,0.31125226860254085,0.34316353887399464,3.3699999999999997,0.24714285714285714,0.39201451905626133,0.450402144772118
22,2021-11-16,6300.0,1102.0,target_precision:0.25,0.13899826870357243,True,0.25,0.018412698412698412,785.0,0.1246031746031746,0.37579617834394907,0.6242038216560509,0.2676950998185118,0.2949061662198391,2.6166666666666667,0.19412698412698412,0.3430127041742287,0.3726541554959786
22,2021-11-16,6300.0,1102.0,target_precision:0.3,0.16716098836379137,True,0.3,0.009523809523809525,521.0,0.0826984126984127,0.43953934740882916,0.5604606525911708,0.20780399274047187,0.2225201072386059,1.7366666666666668,0.13444444444444445,0.28402903811252267,0.30563002680965146
22,2021-11-16,6300.0,1102.0,alert_rate:0.02,0.1362508047705574,True,0.23015873015873015,0.02,822.0,0.13047619047619047,0.3746958637469586,0.6253041362530414,0.279491833030853,0.30563002680965146,2.7399999999999998,0.20206349206349206,0.3511796733212341,0.38873994638069703
22,2021-11-16,6300.0,1102.0,alert_rate:0.05,0.10523644493364052,True,0.1492063492063492,0.05,1348.0,0.21396825396825397,0.2922848664688427,0.7077151335311573,0.35753176043557167,0.4075067024128686,4.493333333333333,0.3334920634920635,0.4673321234119782,0.5576407506702413
22,2021-11-16,6300.0,1102.0,alert_rate:0.1,0.08683409775681247,True,0.11746031746031746,0.1,1959.0,0.310952380952381,0.25267993874425726,0.7473200612557427,0.44918330308529947,0.5254691689008043,6.53,0.4861904761904762,0.6143375680580763,0.710455764075067
22,2021-11-16,6300.0,1102.0,alert_rate:0.2,0.0700444942304688,True,0.09365079365079365,0.2,3019.0,0.4792063492063492,0.22192779065915866,0.7780722093408413,0.6079854809437386,0.707774798927614,10.063333333333333,0.700952380952381,0.8203266787658802,0.8954423592493298
23,2022-02-16,6300.0,1518.0,f1,0.22316994617578978,True,0.3250270855904659,0.1465079365079365,1366.0,0.21682539682539684,0.37920937042459735,0.6207906295754027,0.3412384716732543,0.356,4.553333333333334,0.3753968253968254,0.5171277997364954,0.538
23,2022-02-16,6300.0,1518.0,target_precision:0.2,0.13954143022574142,True,0.2,0.4650793650793651,3944.0,0.626031746031746,0.29386409736308317,0.7061359026369168,0.7635046113306982,0.79,13.146666666666667,0.8623809523809524,0.932806324110672,0.94
23,2022-02-16,6300.0,1518.0,target_precision:0.25,0.183415346049305,True,0.25,0.24,2230.0,0.353968253968254,0.3358744394618834,0.6641255605381167,0.49341238471673254,0.512,7.433333333333334,0.567936507936508,0.7134387351778656,0.736
23,2022-02-16,6300.0,1518.0,target_precision:0.3,0.21096600264859833,True,0.3,0.16507936507936508,1592.0,0.2526984126984127,0.3630653266331658,0.6369346733668342,0.380764163372859,0.39,5.306666666666667,0.42317460317460315,0.5632411067193676,0.59
23,2022-02-16,6300.0,1518.0,alert_rate:0.02,0.3687611853109718,True,0.47619047619047616,0.02,195.0,0.030952380952380953,0.47692307692307695,0.523076923076923,0.06126482213438735,0.09,0.65,0.09317460317460317,0.16469038208168643,0.178
23,2022-02-16,6300.0,1518.0,alert_rate:0.05,0.31704998637557646,True,0.45396825396825397,0.05,449.0,0.07126984126984127,0.44320712694877507,0.5567928730512249,0.1310935441370224,0.162,1.4966666666666668,0.15,0.2536231884057971,0.274
23,2022-02-16,6300.0,1518.0,alert_rate:0.1,0.2630099396987194,True,0.35714285714285715,0.1,844.0,0.13396825396825396,0.4146919431279621,0.5853080568720379,0.230566534914361,0.25,2.813333333333333,0.2534920634920635,0.38274044795783924,0.392
23,2022-02-16,6300.0,1518.0,alert_rate:0.2,0.19570409590621105,True,0.2698412698412698,0.2,1917.0,0.30428571428571427,0.352112676056338,0.647887323943662,0.44466403162055335,0.456,6.39,0.4949206349206349,0.6409749670619236,0.67
24,2022-05-18,6300.0,1055.0,f1,0.19294549019516335,True,0.30623376623376625,0.6111111111111112,3988.0,0.633015873015873,0.208876629889669,0.791123370110331,0.7895734597156399,0.8436482084690554,13.293333333333333,0.8084126984126984,0.9014218009478673,0.9315960912052117
24,2022-05-18,6300.0,1055.0,target_precision:0.2,0.08875586006317,True,0.24571428571428572,1.0,6297.0,0.9995238095238095,0.16738129267905352,0.8326187073209464,0.9990521327014218,1.0,20.99,1.0,1.0,1.0
24,2022-05-18,6300.0,1055.0,target_precision:0.25,0.11552299824705926,True,0.25,0.9752380952380952,6138.0,0.9742857142857143,0.16943629846855654,0.8305637015314434,0.985781990521327,0.9869706840390879,20.46,0.9990476190476191,0.9981042654028436,0.996742671009772
24,2022-05-18,6300.0,1055.0,target_precision:0.3,0.18594187460541595,True,0.3,0.6444444444444445,4175.0,0.6626984126984127,0.2059880239520958,0.7940119760479042,0.8151658767772512,0.8566775244299675,13.916666666666666,0.8339682539682539,0.9146919431279621,0.9413680781758957
24,2022-05-18,6300.0,1055.0,alert_rate:0.02,0.5211449947164906,True,0.49206349206349204,0.02,149.0,0.02365079365079365,0.3691275167785235,0.6308724832214765,0.052132701421800945,0.0749185667752443,0.4966666666666667,0.11428571428571428,0.195260663507109,0.23127035830618892
24,2022-05-18,6300.0,1055.0,alert_rate:0.05,0.4784887641157217,True,0.5174603174603175,0.05,330.0,0.05238095238095238,0.33636363636363636,0.6636363636363636,0.1052132701421801,0.12052117263843648,1.1,0.1511111111111111,0.25497630331753557,0.28664495114006516
24,2022-05-18,6300.0,1055.0,alert_rate:0.1,0.4128768903633493,True,0.5031746031746032,0.1,747.0,0.11857142857142858,0.2838018741633199,0.7161981258366801,0.2009478672985782,0.24104234527687296,2.49,0.22476190476190477,0.34407582938388626,0.41368078175895767
24,2022-05-18,6300.0,1055.0,alert_rate:0.2,0.32488636356077055,True,0.43253968253968256,0.2,1478.0,0.2346031746031746,0.2543978349120433,0.7456021650879567,0.35639810426540286,0.42671009771986973,4.926666666666667,0.39174603174603173,0.524170616113744,0.6188925081433225
25,2022-08-18,6300.0,1254.0,f1,0.13590025311762688,True,0.20935064935064934,0.6111111111111112,3320.0,0.526984126984127,0.23403614457831326,0.7659638554216868,0.6196172248803827,0.6291866028708134,11.066666666666666,0.8080952380952381,0.8588516746411483,0.8301435406698564
25,2022-08-18,6300.0,1254.0,target_precision:0.2,0.1271764416480358,True,0.2,0.6841269841269841,3818.0,0.606031746031746,0.2278679937139864,0.7721320062860136,0.69377990430622,0.6889952153110048,12.726666666666667,0.8788888888888889,0.9170653907496013,0.8923444976076556
25,2022-08-18,6300.0,1254.0,target_precision:0.25,0.20304725899796708,True,0.25,0.23682539682539683,999.0,0.15857142857142856,0.3013013013013013,0.6986986986986987,0.24003189792663476,0.24641148325358853,3.3299999999999996,0.3271428571428571,0.41626794258373206,0.4354066985645933
25,2022-08-18,6300.0,1254.0,target_precision:0.3,0.28077633430416,True,0.3002309468822171,0.06873015873015872,232.0,0.036825396825396824,0.27586206896551724,0.7241379310344828,0.051036682615629984,0.07655502392344497,0.7733333333333333,0.11047619047619048,0.17862838915470494,0.19617224880382775
25,2022-08-18,6300.0,1254.0,alert_rate:0.02,0.32308973667188573,True,0.4126984126984127,0.02,35.0,0.005555555555555556,0.37142857142857144,0.6285714285714286,0.01036682615629984,0.01674641148325359,0.11666666666666667,0.05984126984126984,0.09170653907496013,0.11722488038277512
25,2022-08-18,6300.0,1254.0,alert_rate:0.05,0.29368886478892453,True,0.34285714285714286,0.05,156.0,0.024761904761904763,0.30128205128205127,0.6987179487179487,0.037480063795853266,0.05980861244019139,0.52,0.09063492063492064,0.14912280701754385,0.1674641148325359
25,2022-08-18,6300.0,1254.0,alert_rate:0.1,0.26154148864369514,True,0.2873015873015873,0.1,351.0,0.055714285714285716,0.2962962962962963,0.7037037037037037,0.08293460925039872,0.1076555023923445,1.17,0.14317460317460318,0.22328548644338117,0.23205741626794257
25,2022-08-18,6300.0,1254.0,alert_rate:0.2,0.2168014886753625,True,0.26031746031746034,0.2,808.0,0.12825396825396826,0.3155940594059406,0.6844059405940595,0.20334928229665072,0.21052631578947367,2.6933333333333334,0.2687301587301587,0.3548644338118022,0.3684210526315789
26,2022-11-16,6300.0,659.0,f1,0.18553802325970511,True,0.23250111457868924,0.7120634920634921,3914.0,0.6212698412698413,0.13643331630045988,0.8635666836995401,0.8103186646433991,0.8537549407114624,13.046666666666667,0.9990476190476191,1.0,1.0
26,2022-11-16,6300.0,659.0,target_precision:0.2,0.15046087538685157,True,0.21063492063492065,1.0,6279.0,0.9966666666666667,0.10495301799649626,0.8950469820035037,1.0,1.0,20.93,1.0,1.0,1.0
26,2022-11-16,6300.0,659.0,target_precision:0.25,0.20646379625938385,True,0.25,0.43555555555555553,2324.0,0.3688888888888889,0.17082616179001722,0.8291738382099828,0.6024279210925645,0.6284584980237155,7.746666666666666,0.9304761904761905,0.9878603945371776,0.9960474308300395
26,2022-11-16,6300.0,659.0,target_precision:0.3,0.2588518394227714,True,0.30013831258644535,0.11476190476190476,631.0,0.10015873015873016,0.3090332805071315,0.6909667194928685,0.2959028831562974,0.3201581027667984,2.103333333333333,0.36412698412698413,0.5948406676783005,0.6205533596837944
26,2022-11-16,6300.0,659.0,alert_rate:0.02,0.31492211692139654,True,0.25396825396825395,0.02,98.0,0.015555555555555555,0.3979591836734694,0.6020408163265306,0.05918057663125948,0.05138339920948617,0.32666666666666666,0.11968253968253968,0.3201820940819423,0.3359683794466403
26,2022-11-16,6300.0,659.0,alert_rate:0.05,0.2895069678805842,True,0.29523809523809524,0.05,280.0,0.044444444444444446,0.3392857142857143,0.6607142857142857,0.1441578148710167,0.14624505928853754,0.9333333333333333,0.1949206349206349,0.40971168437025796,0.4189723320158103
26,2022-11-16,6300.0,659.0,alert_rate:0.1,0.2648018619549786,True,0.30634920634920637,0.1,538.0,0.0853968253968254,0.3271375464684015,0.6728624535315986,0.26707132018209406,0.2766798418972332,1.7933333333333334,0.32095238095238093,0.5523520485584219,0.5691699604743083
26,2022-11-16,6300.0,659.0,alert_rate:0.2,0.23855435194195967,True,0.2698412698412698,0.2,1035.0,0.16428571428571428,0.24057971014492754,0.7594202898550725,0.37784522003034904,0.391304347826087,3.45,0.5534920634920635,0.7556904400606981,0.8063241106719368
27,2023-02-17,6300.0,589.0,f1,0.1699787557947374,True,0.2793388429752066,0.09603174603174604,250.0,0.03968253968253968,0.26,0.74,0.11035653650254669,0.10572687224669604,0.8333333333333333,0.07873015873015873,0.1731748726655348,0.18502202643171806
27,2023-02-17,6300.0,589.0,target_precision:0.2,0.11789631858169239,True,0.2,0.1984126984126984,715.0,0.11349206349206349,0.17342657342657342,0.8265734265734266,0.21052631578947367,0.2422907488986784,2.3833333333333333,0.20174603174603176,0.3174872665534805,0.3832599118942731
27,2023-02-17,6300.0,589.0,target_precision:0.25,0.15229156285781306,True,0.25,0.11936507936507937,353.0,0.05603174603174603,0.24645892351274787,0.7535410764872521,0.14770797962648557,0.14977973568281938,1.1766666666666665,0.10396825396825397,0.1935483870967742,0.21585903083700442
27,2023-02-17,6300.0,589.0,target_precision:0.3,0.18221211752096453,True,0.30039525691699603,0.08031746031746032,203.0,0.03222222222222222,0.2561576354679803,0.7438423645320197,0.08828522920203735,0.08370044052863436,0.6766666666666666,0.06428571428571428,0.15110356536502548,0.15418502202643172
27,2023-02-17,6300.0,589.0,alert_rate:0.02,0.28464382109028585,True,0.3888888888888889,0.02,61.0,0.009682539682539683,0.3770491803278688,0.6229508196721312,0.03904923599320883,0.039647577092511016,0.20333333333333334,0.01873015873015873,0.06281833616298811,0.06167400881057269
27,2023-02-17,6300.0,589.0,alert_rate:0.05,0.2228432065771588,True,0.33650793650793653,0.05,126.0,0.02,0.30952380952380953,0.6904761904761905,0.06621392190152801,0.06167400881057269,0.42,0.03492063492063492,0.0967741935483871,0.0881057268722467
27,2023-02-17,6300.0,589.0,alert_rate:0.1,0.1670198037910854,True,0.2698412698412698,0.1,272.0,0.04317460317460318,0.2536764705882353,0.7463235294117647,0.11714770797962648,0.12334801762114538,0.9066666666666667,0.08079365079365079,0.17487266553480477,0.1894273127753304
27,2023-02-17,6300.0,589.0,alert_rate:0.2,0.11736452563806629,True,0.1984126984126984,0.2,719.0,0.11412698412698413,0.17385257301808066,0.8261474269819193,0.21222410865874364,0.24669603524229075,2.396666666666667,0.20396825396825397,0.32088285229202035,0.3876651982378855
28,2023-05-19,6300.0,366.0,f1,0.13271458490409696,True,0.2028862478777589,0.18698412698412697,858.0,0.1361904761904762,0.1282051282051282,0.8717948717948718,0.3005464480874317,0.31788079470198677,2.8600000000000003,0.2726984126984127,0.5027322404371585,0.543046357615894
28,2023-05-19,6300.0,366.0,target_precision:0.2,0.13091028391275872,True,0.2,0.19365079365079366,901.0,0.143015873015873,0.12541620421753608,0.8745837957824639,0.3087431693989071,0.32450331125827814,3.0033333333333334,0.28285714285714286,0.5027322404371585,0.543046357615894
28,2023-05-19,6300.0,366.0,target_precision:0.25,0.16725600502228283,True,0.25,0.0946031746031746,420.0,0.06666666666666667,0.17142857142857143,0.8285714285714285,0.19672131147540983,0.2185430463576159,1.4,0.13412698412698412,0.3005464480874317,0.31788079470198677
28,2023-05-19,6300.0,366.0,target_precision:0.3,0.21177882410060758,True,0.30036630036630035,0.043333333333333335,215.0,0.034126984126984124,0.24186046511627907,0.758139534883721,0.14207650273224043,0.1390728476821192,0.7166666666666666,0.06317460317460317,0.19672131147540983,0.2185430463576159
28,2023-05-19,6300.0,366.0,alert_rate:0.02,0.27309246515392627,True,0.3968253968253968,0.02,108.0,0.017142857142857144,0.32407407407407407,0.6759259259259259,0.09562841530054644,0.08609271523178808,0.36000000000000004,0.03126984126984127,0.1366120218579235,0.1390728476821192
28,2023-05-19,6300.0,366.0,alert_rate:0.05,0.2043595991397421,True,0.28253968253968254,0.05,233.0,0.03698412698412699,0.2317596566523605,0.7682403433476395,0.14754098360655737,0.152317880794702,0.7766666666666667,0.07142857142857142,0.20218579234972678,0.2251655629139073
28,2023-05-19,6300.0,366.0,alert_rate:0.1,0.16393714915662105,True,0.24126984126984127,0.1,449.0,0.07126984126984127,0.16481069042316257,0.8351893095768375,0.20218579234972678,0.2251655629139073,1.4966666666666668,0.1419047619047619,0.3087431693989071,0.32450331125827814
28,2023-05-19,6300.0,366.0,alert_rate:0.2,0.12912044810157985,True,0.19603174603174603,0.2,939.0,0.14904761904761904,0.12673056443024494,0.873269435569755,0.3251366120218579,0.33112582781456956,3.13,0.2968253968253968,0.5136612021857924,0.543046357615894
29,2023-08-21,6300.0,577.0,f1,0.07053772815229704,True,0.1276595744680851,0.15666666666666668,878.0,0.13936507936507936,0.1492027334851936,0.8507972665148064,0.2270363951473137,0.26126126126126126,2.9266666666666667,0.2792063492063492,0.43327556325823224,0.49099099099099097
29,2023-08-21,6300.0,577.0,target_precision:0.2,0.1176081167017812,True,0.2,0.0380952380952381,208.0,0.03301587301587302,0.22115384615384615,0.7788461538461539,0.07972270363951472,0.09009009009009009,0.6933333333333334,0.06412698412698413,0.12478336221837089,0.13063063063063063
29,2023-08-21,6300.0,577.0,target_precision:0.25,0.13537182283830104,True,0.25,0.027301587301587302,140.0,0.022222222222222223,0.22142857142857142,0.7785714285714286,0.053726169844020795,0.06306306306306306,0.4666666666666667,0.04111111111111111,0.08665511265164645,0.0945945945945946
29,2023-08-21,6300.0,577.0,target_precision:0.3,0.1562835221591297,True,0.3008130081300813,0.019523809523809523,107.0,0.016984126984126983,0.2336448598130841,0.7663551401869159,0.043327556325823226,0.05405405405405406,0.35666666666666663,0.02857142857142857,0.06759098786828423,0.06756756756756757
29,2023-08-21,6300.0,577.0,alert_rate:0.02,0.1557581682891094,True,0.29365079365079366,0.02,108.0,0.017142857142857144,0.23148148148148148,0.7685185185185185,0.043327556325823226,0.05405405405405406,0.36000000000000004,0.028888888888888888,0.06932409012131716,0.07207207207207207
29,2023-08-21,6300.0,577.0,alert_rate:0.05,0.10615553218242181,True,0.17142857142857143,0.05,273.0,0.043333333333333335,0.1978021978021978,0.8021978021978022,0.09358752166377816,0.10810810810810811,0.91,0.0826984126984127,0.15077989601386482,0.15765765765765766
29,2023-08-21,6300.0,577.0,alert_rate:0.1,0.08245857711799408,True,0.1365079365079365,0.1,565.0,0.08968253968253968,0.16283185840707964,0.8371681415929204,0.15944540727902945,0.16216216216216217,1.8833333333333333,0.17476190476190476,0.2824956672443674,0.3153153153153153
29,2023-08-21,6300.0,577.0,alert_rate:0.2,0.06502263294010006,True,0.11190476190476191,0.2,1145.0,0.18174603174603174,0.15021834061135372,0.8497816593886462,0.29809358752166376,0.33783783783783783,3.8166666666666664,0.3495238095238095,0.5077989601386482,0.5720720720720721
30,2023-11-17,6300.0,304.0,f1,0.09845228729627394,True,0.14264990328820115,0.32825396825396824,1335.0,0.2119047619047619,0.0951310861423221,0.9048689138576779,0.41776315789473684,0.48672566371681414,4.45,0.5425396825396825,0.7203947368421053,0.7433628318584071
30,2023-11-17,6300.0,304.0,target_precision:0.2,0.15866876132402286,True,0.2,0.05714285714285714,204.0,0.03238095238095238,0.22549019607843138,0.7745098039215687,0.1513157894736842,0.18584070796460178,0.6799999999999999,0.06888888888888889,0.24342105263157895,0.25663716814159293
30,2023-11-17,6300.0,304.0,target_precision:0.25,0.18744235926421443,True,0.25,0.027301587301587302,110.0,0.01746031746031746,0.19090909090909092,0.8090909090909091,0.06907894736842106,0.09734513274336283,0.3666666666666667,0.03841269841269841,0.17105263157894737,0.20353982300884957
30,2023-11-17,6300.0,304.0,target_precision:0.3,0.27938499463053995,True,0.30434782608695654,0.003650793650793651,7.0,0.0011111111111111111,0.14285714285714285,0.8571428571428572,0.003289473684210526,0.008849557522123894,0.023333333333333334,0.006190476190476191,0.03289473684210526,0.061946902654867256
30,2023-11-17,6300.0,304.0,alert_rate:0.02,0.20396978590683265,True,0.2222222222222222,0.02,64.0,0.010158730158730159,0.25,0.75,0.05263157894736842,0.08849557522123894,0.21333333333333332,0.029841269841269842,0.14144736842105263,0.17699115044247787
30,2023-11-17,6300.0,304.0,alert_rate:0.05,0.16343771605805724,True,0.2,0.05,188.0,0.029841269841269842,0.22872340425531915,0.7712765957446809,0.14144736842105263,0.17699115044247787,0.6266666666666667,0.06301587301587301,0.22697368421052633,0.24778761061946902
30,2023-11-17,6300.0,304.0,alert_rate:0.1,0.1355616386924887,True,0.16984126984126985,0.1,346.0,0.05492063492063492,0.18786127167630057,0.8121387283236994,0.2138157894736842,0.23008849557522124,1.1533333333333333,0.1357142857142857,0.32894736842105265,0.36283185840707965
30,2023-11-17,6300.0,304.0,alert_rate:0.2,0.112993491762854,True,0.15555555555555556,0.2,704.0,0.11174603174603175,0.1278409090909091,0.8721590909090909,0.29605263157894735,0.3274336283185841,2.3466666666666667,0.30936507936507934,0.5098684210526315,0.6017699115044248
31,2024-02-21,6318.0,449.0,f1,0.07828391658715757,True,0.13598326359832635,0.07587301587301587,708.0,0.1120607787274454,0.1963276836158192,0.8036723163841808,0.30957683741648107,0.3045977011494253,2.3366336633663365,0.18819246597024375,0.4142538975501114,0.41954022988505746
31,2024-02-21,6318.0,449.0,target_precision:0.2,0.13829404388599553,True,0.2,0.013492063492063493,214.0,0.033871478315922764,0.2383177570093458,0.7616822429906542,0.11358574610244988,0.1206896551724138,0.7062706270627064,0.05555555555555555,0.18485523385300667,0.1781609195402299
31,2024-02-21,6318.0,449.0,target_precision:0.25,0.15006058363165267,True,0.25,0.010793650793650795,165.0,0.026115859449192782,0.26666666666666666,0.7333333333333334,0.09799554565701558,0.10919540229885058,0.5445544554455445,0.047325102880658436,0.1603563474387528,0.15517241379310345
31,2024-02-21,6318.0,449.0,target_precision:0.3,0.19178873876650446,True,0.3,0.004761904761904762,76.0,0.01202912314023425,0.2236842105263158,0.7763157894736842,0.0378619153674833,0.05172413793103448,0.2508250825082508,0.025324469768914212,0.0957683741648107,0.10344827586206896
31,2024-02-21,6318.0,449.0,alert_rate:0.02,0.11929184407067647,True,0.15873015873015872,0.02,304.0,0.048116492560937,0.23684210526315788,0.7631578947368421,0.1603563474387528,0.15517241379310345,1.0033003300330032,0.0721747388414055,0.2182628062360802,0.22413793103448276
31,2024-02-21,6318.0,449.0,alert_rate:0.05,0.08912275226346847,True,0.14603174603174604,0.05,530.0,0.08388730610952833,0.21509433962264152,0.7849056603773585,0.25389755011135856,0.26436781609195403,1.7491749174917492,0.13770180436847104,0.34743875278396436,0.3563218390804598
31,2024-02-21,6318.0,449.0,alert_rate:0.1,0.07160129785595636,True,0.1111111111111111,0.1,863.0,0.13659385881608105,0.17960602549246812,0.8203939745075319,0.34521158129175944,0.3505747126436782,2.848184818481848,0.23156062044950934,0.43207126948775054,0.4425287356321839
31,2024-02-21,6318.0,449.0,alert_rate:0.2,0.05674639141856106,True,0.08571428571428572,0.2,1494.0,0.23646723646723647,0.13119143239625167,0.8688085676037484,0.4365256124721604,0.4482758620689655,4.930693069306931,0.3835074390629946,0.5478841870824054,0.5632183908045977
32,2024-05-21,6363.0,620.0,f1,0.11516271371430606,True,0.22112211221122113,0.09599239664185015,1003.0,0.15763004871915762,0.22033898305084745,0.7796610169491526,0.3564516129032258,0.3804878048780488,3.3102310231023098,0.23605217664623604,0.45806451612903226,0.4634146341463415
32,2024-05-21,6363.0,620.0,target_precision:0.2,0.10632536271701454,True,0.2,0.11484238872168541,1133.0,0.17806066320917807,0.2091791703442189,0.790820829655781,0.38225806451612904,0.4,3.7392739273927393,0.27314159987427317,0.5145161290322581,0.5073170731707317
32,2024-05-21,6363.0,620.0,target_precision:0.25,0.1412928787193515,True,0.25,0.06272770473625851,674.0,0.10592487820210593,0.23738872403560832,0.7626112759643917,0.25806451612903225,0.25365853658536586,2.2244224422442245,0.16344491592016344,0.36612903225806454,0.3853658536585366
32,2024-05-21,6363.0,620.0,target_precision:0.3,0.2117129606751943,True,0.30120481927710846,0.026294946934896247,304.0,0.047776206192047775,0.2730263157894737,0.7269736842105263,0.1338709677419355,0.16097560975609757,1.0033003300330032,0.07653622505107653,0.2064516129032258,0.22439024390243903
32,2024-05-21,6363.0,620.0,alert_rate:0.02,0.22625968765089777,True,0.30158730158730157,0.019958815143354982,250.0,0.03928964325003929,0.256,0.744,0.1032258064516129,0.14146341463414633,0.8250825082508251,0.066006600660066,0.17580645161290323,0.2048780487804878
32,2024-05-21,6363.0,620.0,alert_rate:0.05,0.16018532517772505,True,0.2634920634920635,0.04989703785838746,539.0,0.0847084708470847,0.2523191094619666,0.7476808905380334,0.21935483870967742,0.22926829268292684,1.7788778877887788,0.12698412698412698,0.29516129032258065,0.3121951219512195
32,2024-05-21,6363.0,620.0,alert_rate:0.1,0.11323598333755337,True,0.21553090332805072,0.09995247901156344,1036.0,0.1628162816281628,0.21814671814671815,0.7818532818532818,0.36451612903225805,0.3853658536585366,3.4191419141914188,0.24296715385824297,0.47096774193548385,0.47317073170731705
32,2024-05-21,6363.0,620.0,alert_rate:0.2,0.08264921980445358,True,0.14896988906497624,0.19990495802312688,1834.0,0.28822882288228824,0.17611777535441658,0.8238822246455835,0.5209677419354839,0.5073170731707317,6.0528052805280534,0.4303001728744303,0.6709677419354839,0.6926829268292682
33,2024-08-21,6363.0,483.0,f1,0.11389183765128885,True,0.19449431478156792,0.2626119754832626,1329.0,0.20886374351720888,0.15876598946576373,0.8412340105342363,0.43685300207039335,0.4972375690607735,4.3861386138613865,0.3397768348263398,0.5590062111801242,0.6519337016574586
33,2024-08-21,6363.0,483.0,target_precision:0.2,0.12189612412602711,True,0.2,0.2270941379852271,1159.0,0.18214678610718216,0.16997411561691114,0.8300258843830889,0.4078674948240166,0.46408839779005523,3.8250825082508255,0.2909005186232909,0.5113871635610766,0.5966850828729282
33,2024-08-21,6363.0,483.0,target_precision:0.25,0.1795789089268145,True,0.25,0.09743831526009744,504.0,0.07920792079207921,0.2123015873015873,0.7876984126984127,0.22153209109730848,0.26519337016574585,1.6633663366336633,0.12666980983812667,0.32712215320910976,0.3756906077348066
33,2024-08-21,6363.0,483.0,target_precision:0.3,0.24083358673057648,False,0.2930513595166163,0.05201948766305202,197.0,0.03096023888103096,0.23857868020304568,0.7614213197969544,0.09730848861283643,0.11049723756906077,0.6501650165016502,0.06427785635706428,0.19461697722567287,0.23756906077348067
33,2024-08-21,6363.0,483.0,alert_rate:0.02,0.3007160394366665,True,0.2440944881889764,0.019959138771019957,35.0,0.005500550055005501,0.14285714285714285,0.8571428571428572,0.010351966873706004,0.016574585635359115,0.11551155115511552,0.031274556027031275,0.09937888198757763,0.11602209944751381
33,2024-08-21,6363.0,483.0,alert_rate:0.05,0.24477824190020336,True,0.2830188679245283,0.04997642621404998,182.0,0.028602860286028604,0.24725274725274726,0.7527472527472527,0.09316770186335403,0.10497237569060773,0.6006600660066007,0.06223479490806223,0.19047619047619047,0.23756906077348067
33,2024-08-21,6363.0,483.0,alert_rate:0.1,0.17745121073781825,True,0.24371069182389937,0.09995285242809995,514.0,0.08077950652208078,0.21595330739299612,0.7840466926070039,0.22981366459627328,0.27071823204419887,1.6963696369636965,0.12997013987112996,0.33126293995859213,0.3756906077348066
33,2024-08-21,6363.0,483.0,alert_rate:0.2,0.1291877555349455,True,0.20518867924528303,0.1999057048561999,1021.0,0.16045890303316046,0.17531831537708129,0.8246816846229187,0.37060041407867494,0.4198895027624309,3.3696369636963697,0.25695426685525696,0.4906832298136646,0.56353591160221
34,2024-11-19,6363.0,683.0,f1,0.10809195737683515,True,0.17822966507177032,0.1313845670281314,982.0,0.15432971868615433,0.23319755600814665,0.7668024439918534,0.33528550512445093,0.32894736842105265,3.240924092409241,0.23746660380323747,0.43045387994143486,0.42105263157894735
34,2024-11-19,6363.0,683.0,target_precision:0.2,0.1337589175407139,True,0.2,0.08172245796008172,667.0,0.10482476819110483,0.2623688155922039,0.7376311844077961,0.2562225475841874,0.2631578947368421,2.201320132013201,0.15763004871915762,0.33821376281112736,0.32894736842105265
34,2024-11-19,6363.0,683.0,target_precision:0.25,0.18066555691111744,False,0.23574144486692014,0.04133270469904133,345.0,0.05421970768505422,0.30144927536231886,0.6985507246376812,0.15226939970717424,0.15350877192982457,1.1386138613861387,0.08785164230708785,0.2240117130307467,0.21929824561403508
34,2024-11-19,6363.0,683.0,target_precision:0.3,0.18066555691111744,False,0.23574144486692014,0.04133270469904133,345.0,0.05421970768505422,0.30144927536231886,0.6985507246376812,0.15226939970717424,0.15350877192982457,1.1386138613861387,0.08785164230708785,0.2240117130307467,0.21929824561403508
34,2024-11-19,6363.0,683.0,alert_rate:0.02,0.21860503065746012,True,0.1889763779527559,0.019959138771019957,172.0,0.02703127455602703,0.3081395348837209,0.6918604651162791,0.07759882869692533,0.10526315789473684,0.5676567656765676,0.0594059405940594,0.1698389458272328,0.16666666666666666
34,2024-11-19,6363.0,683.0,alert_rate:0.05,0.16885018253487843,True,0.22327044025157233,0.04997642621404998,413.0,0.06490649064906491,0.3075060532687651,0.6924939467312349,0.18594436310395315,0.17982456140350878,1.3630363036303632,0.10278170674210278,0.25329428989751096,0.25877192982456143
34,2024-11-19,6363.0,683.0,alert_rate:0.1,0.12358425708841186,True,0.19339622641509435,0.09995285242809995,770.0,0.12101210121012101,0.2532467532467532,0.7467532467532467,0.28550512445095166,0.2850877192982456,2.541254125412541,0.18324689611818323,0.37042459736456806,0.3508771929824561
34,2024-11-19,6363.0,683.0,alert_rate:0.2,0.08556989722796705,True,0.14229559748427673,0.1999057048561999,1543.0,0.2424956781392425,0.1918340894361633,0.8081659105638367,0.4333821376281113,0.42105263157894735,5.092409240924092,0.39053905390539057,0.5739385065885798,0.6008771929824561
35,2025-02-24,6363.0,1330.0,f1,0.12713283217149268,True,0.1998114985862394,0.16674524595316675,3091.0,0.4857771491434858,0.2080232934325461,0.7919767065674539,0.48345864661654137,0.656,10.201320132013201,0.6275341819896275,0.650375939849624,0.792
35,2025-02-24,6363.0,1330.0,target_precision:0.2,0.12691942133437528,True,0.2,0.16737388024516736,3097.0,0.48672010058148674,0.20794317081046174,0.7920568291895382,0.4842105263157895,0.656,10.221122112211221,0.6284771334276285,0.6518796992481203,0.7946666666666666
35,2025-02-24,6363.0,1330.0,target_precision:0.25,0.1731416547355658,True,0.25,0.08297972654408298,1971.0,0.30975954738330974,0.2024353120243531,0.7975646879756468,0.3,0.43466666666666665,6.5049504950495045,0.43375766148043376,0.43609022556390975,0.6106666666666667
35,2025-02-24,6363.0,1330.0,target_precision:0.3,0.24754916138274605,True,0.30057803468208094,0.02718843312902719,952.0,0.1496149614961496,0.22794117647058823,0.7720588235294118,0.1631578947368421,0.264,3.1419141914191417,0.2550683639792551,0.25413533834586466,0.392
35,2025-02-24,6363.0,1330.0,alert_rate:0.02,0.26264054953911276,True,0.2992125984251969,0.019959138771019957,815.0,0.12808423699512808,0.24171779141104294,0.7582822085889571,0.1481203007518797,0.22933333333333333,2.68976897689769,0.22646550369322646,0.22706766917293233,0.36
35,2025-02-24,6363.0,1330.0,alert_rate:0.05,0.21141576603216908,True,0.2672955974842767,0.04997642621404998,1424.0,0.22379380795222378,0.20997191011235955,0.7900280898876404,0.22481203007518796,0.3546666666666667,4.6996699669967,0.32154644035832153,0.31203007518796994,0.456
35,2025-02-24,6363.0,1330.0,alert_rate:0.1,0.1576918761405458,True,0.23113207547169812,0.09995285242809995,2272.0,0.3570642778563571,0.20202464788732394,0.797975352112676,0.3451127819548872,0.496,7.4983498349834985,0.4904919063334905,0.48872180451127817,0.6586666666666666
35,2025-02-24,6363.0,1330.0,alert_rate:0.2,0.1167691612792802,True,0.18474842767295596,0.1999057048561999,3414.0,0.5365393682225366,0.20796719390743995,0.7920328060925601,0.5338345864661654,0.7013333333333334,11.267326732673268,0.6866258054376866,0.7263157894736842,0.84
36,2025-05-23,6363.0,427.0,f1,0.21875594520914587,True,0.2231088413661028,0.9847556184189847,5530.0,0.8690869086908691,0.07269439421338156,0.9273056057866185,0.9414519906323185,0.9746835443037974,18.250825082508253,1.0,1.0,1.0
36,2025-05-23,6363.0,427.0,target_precision:0.2,0.2173956586625629,True,0.22237938079522238,1.0,6362.0,0.9998428414269999,0.0671172587236718,0.9328827412763282,1.0,1.0,20.996699669966997,1.0,1.0,1.0
36,2025-05-23,6363.0,427.0,target_precision:0.25,0.22551316061389978,True,0.25,0.13452773848813454,55.0,0.008643721515008643,0.16363636363636364,0.8363636363636364,0.02107728337236534,0.02531645569620253,0.18151815181518152,1.0,1.0,1.0
36,2025-05-23,6363.0,427.0,target_precision:0.3,0.22640169408492297,True,0.30019880715705766,0.07905076221907906,15.0,0.0023573785950023575,0.26666666666666666,0.7333333333333334,0.00936768149882904,0.012658227848101266,0.04950495049504951,1.0,1.0,1.0
36,2025-05-23,6363.0,427.0,alert_rate:0.02,0.22719505152188066,True,0.3858267716535433,0.019959138771019957,0.0,0.0,,,0.0,0.0,0.0,1.0,1.0,1.0
36,2025-05-23,6363.0,427.0,alert_rate:0.05,0.22684172100511404,True,0.3333333333333333,0.04997642621404998,6.0,0.000942951438000943,0.3333333333333333,0.6666666666666667,0.00468384074941452,0.006329113924050633,0.019801980198019802,1.0,1.0,1.0
36,2025-05-23,6363.0,427.0,alert_rate:0.1,0.22610188549181356,True,0.2783018867924528,0.09995285242809995,26.0,0.004086122898004086,0.23076923076923078,0.7692307692307692,0.01405152224824356,0.0189873417721519,0.0858085808580858,1.0,1.0,1.0
36,2025-05-23,6363.0,427.0,alert_rate:0.2,0.22467333525421104,True,0.22248427672955975,0.1999057048561999,121.0,0.019016187333019016,0.19834710743801653,0.8016528925619835,0.05620608899297424,0.06962025316455696,0.39933993399339934,1.0,1.0,1.0
37,2025-08-25,6363.0,543.0,f1,0.08470998113917502,True,0.12366912366912367,0.1918906176331919,1598.0,0.25113939965425114,0.16145181476846057,0.8385481852315394,0.47513812154696133,0.5260663507109005,5.273927392739274,0.5098224108125098,0.6998158379373849,0.7725118483412322
37,2025-08-25,6363.0,543.0,target_precision:0.2,0.14310489602028162,True,0.2,0.02435957881502436,275.0,0.04321860757504322,0.2909090909090909,0.7090909090909091,0.14732965009208104,0.15165876777251186,0.9075907590759076,0.09115197234009115,0.26151012891344383,0.2843601895734597
37,2025-08-25,6363.0,543.0,target_precision:0.25,0.1890000302069002,True,0.25,0.005657708628005658,93.0,0.014615747289014616,0.27956989247311825,0.7204301075268817,0.04788213627992634,0.07109004739336493,0.3069306930693069,0.03834669181203835,0.13259668508287292,0.13744075829383887
37,2025-08-25,6363.0,543.0,target_precision:0.3,0.19907021148344398,True,0.3076923076923077,0.004086122898004086,68.0,0.010686782964010686,0.3088235294117647,0.6911764705882353,0.03867403314917127,0.061611374407582936,0.22442244224422442,0.031117397454031116,0.10681399631675875,0.11374407582938388
37,2025-08-25,6363.0,543.0,alert_rate:0.02,0.1505344441276789,True,0.1968503937007874,0.019959138771019957,244.0,0.03834669181203835,0.29508196721311475,0.7049180327868853,0.13259668508287292,0.13744075829383887,0.8052805280528054,0.07747917648907748,0.23756906077348067,0.24644549763033174
37,2025-08-25,6363.0,543.0,alert_rate:0.05,0.11811741932423017,True,0.16352201257861634,0.04997642621404998,522.0,0.08203677510608204,0.2547892720306513,0.7452107279693487,0.24493554327808473,0.2559241706161137,1.7227722772277227,0.17696055319817697,0.3996316758747698,0.44075829383886256
37,2025-08-25,6363.0,543.0,alert_rate:0.1,0.09955053474020864,True,0.14150943396226415,0.09995285242809995,957.0,0.1504007543611504,0.2058516196447231,0.7941483803552769,0.36279926335174956,0.4028436018957346,3.1584158415841586,0.3041018387553041,0.5248618784530387,0.5924170616113744
37,2025-08-25,6363.0,543.0,alert_rate:0.2,0.0835783425422299,True,0.12106918238993711,0.1999057048561999,1660.0,0.2608832311802609,0.1572289156626506,0.8427710843373494,0.48066298342541436,0.5308056872037915,5.478547854785479,0.5282099638535283,0.7108655616942909,0.7772511848341233
38,2025-11-21,6363.0,718.0,f1,0.10566026277173904,True,0.1836734693877551,0.1617161716171617,1481.0,0.23275184661323275,0.22349763673193787,0.7765023632680621,0.4610027855153203,0.569620253164557,4.887788778877888,0.38126669809838126,0.6030640668523677,0.70042194092827
38,2025-11-21,6363.0,718.0,target_precision:0.2,0.11820412645091088,True,0.2,0.12022630834512023,1157.0,0.18183246896118183,0.23509075194468454,0.7649092480553155,0.3788300835654596,0.47257383966244726,3.818481848184818,0.29734402011629735,0.5278551532033426,0.6371308016877637
38,2025-11-21,6363.0,718.0,target_precision:0.25,0.17742316108958145,True,0.25,0.039603960396039604,463.0,0.07276441929907276,0.3023758099352052,0.6976241900647948,0.19498607242339833,0.27848101265822783,1.528052805280528,0.12478390696212478,0.30919220055710306,0.4219409282700422
38,2025-11-21,6363.0,718.0,target_precision:0.3,0.3066554434285757,True,0.3,0.004714757190004715,67.0,0.010529624391010529,0.3880597014925373,0.6119402985074627,0.036211699164345405,0.05907172995780591,0.2211221122112211,0.030174446016030174,0.0905292479108635,0.14767932489451477
38,2025-11-21,6363.0,718.0,alert_rate:0.02,0.2215817169509574,True,0.23622047244094488,0.019959138771019957,267.0,0.041961338991041965,0.3445692883895131,0.6554307116104869,0.12813370473537605,0.18565400843881857,0.8811881188118813,0.07323589501807323,0.1977715877437326,0.28270042194092826
38,2025-11-21,6363.0,718.0,alert_rate:0.05,0.1615644816850937,True,0.24213836477987422,0.04997642621404998,596.0,0.09366650950809367,0.29697986577181207,0.7030201342281879,0.24651810584958217,0.350210970464135,1.966996699669967,0.14835769291214837,0.34818941504178275,0.4472573839662447
38,2025-11-21,6363.0,718.0,alert_rate:0.1,0.1260308781179013,True,0.21540880503144655,0.09995285242809995,995.0,0.15637278013515638,0.2552763819095477,0.7447236180904523,0.35376044568245124,0.4472573839662447,3.283828382838284,0.2605689140342606,0.4958217270194986,0.5949367088607594
38,2025-11-21,6363.0,718.0,alert_rate:0.2,0.09675073624043928,True,0.16588050314465408,0.1999057048561999,1798.0,0.28257111425428255,0.20578420467185762,0.7942157953281423,0.5153203342618384,0.6286919831223629,5.933993399339934,0.46424642464246424,0.6838440111420613,0.7805907172995781
