feature_set,feature,mean,std
technical,return_1d,-0.024080493985995176,0.03708701191675645
technical,return_5d,0.021398377310118556,0.17277568454235334
technical,sma_5_gap,0.02239016299832716,0.13777442209164437
technical,sma_10_gap,-0.08576023110998662,0.2616094768178936
technical,volatility_5d,0.13265781768437185,0.12219206308409689
technical,volatility_10d,0.3310980233697241,0.09708487265672873
technical,volume_ratio_5d,0.12334860541163065,0.04975557599644977
technical_range,return_1d,-0.02863108264809835,0.0353893060996507
technical_range,return_5d,0.026638847662114093,0.14942367871640141
technical_range,sma_5_gap,0.033590577060433016,0.13488577284221231
technical_range,sma_10_gap,-0.08732236403230116,0.2095639600932534
technical_range,volatility_5d,0.12747698644820368,0.1170993002251667
technical_range,volatility_10d,-0.16760600728143243,0.1924402250381834
technical_range,volume_ratio_5d,0.1314226475780225,0.05306058261559419
technical_range,parkinson_vol_10d,0.06688413156352842,0.45111074525346945
technical_range,garman_klass_vol_10d,0.11949549898425292,0.34296243991007996
technical_range,atr_14_pct,0.3460415879929466,0.5315993737870655
technical_range,volatility_20d,0.07866324369766806,0.18041250740771356
technical_range,drawdown_from_20d_high,0.03933233384457377,0.16794137256585828
technical_market,return_1d,-0.016234304160768563,0.03617237647914625
technical_market,return_5d,0.014609115266837697,0.1239402751594292
technical_market,sma_5_gap,0.027514245942787115,0.14811877617515173
technical_market,sma_10_gap,-0.07260127718583763,0.2898125960590841
technical_market,volatility_5d,0.0868550865769376,0.08034998102198815
technical_market,volatility_10d,0.2153349840230605,0.10024063627096634
technical_market,volume_ratio_5d,0.11236588546409618,0.047936947724368954
technical_market,excess_return_5d,0.012406292530976167,0.09213792346394455
technical_market,excess_return_20d,0.006577403172181006,0.15812607136889914
technical_market,sector_excess_return_5d,0.021946324262684874,0.1000294259722359
technical_market,sector_excess_return_20d,-0.009789242050356807,0.1084905063232275
technical_market,beta_60d,0.27343706262481654,0.06960874231445331
technical_market,market_return_5d,0.0017370308428860642,0.18912690392961498
technical_market,market_drawdown_from_60d_high,-0.03942556872032501,0.661258711536986
technical_market,vix_level,0.03667585915722263,0.748624710906726
technical_market,vix_change_5d,0.08613593061140411,0.281021094062652
technical_range_market,return_1d,-0.02078055264276127,0.03546177480928565
technical_range_market,return_5d,0.010002907771161824,0.1213301489331655
technical_range_market,sma_5_gap,0.03540993182904426,0.13770424282024404
technical_range_market,sma_10_gap,-0.0704082558848271,0.2209357925767496
technical_range_market,volatility_5d,0.0870793901594385,0.07605073082566605
technical_range_market,volatility_10d,-0.1541630997311755,0.1973230534626552
technical_range_market,volume_ratio_5d,0.12112923854102127,0.05162958229902069
technical_range_market,parkinson_vol_10d,0.05750614736507247,0.38321250917849
technical_range_market,garman_klass_vol_10d,0.11599296165234506,0.30904140702104715
technical_range_market,atr_14_pct,0.34140507983679824,0.40299282119600155
technical_range_market,volatility_20d,0.015444856420324874,0.1611200015510963
technical_range_market,drawdown_from_20d_high,0.03345668126162997,0.23645558412555912
technical_range_market,excess_return_5d,0.011090436790608891,0.09324026551873266
technical_range_market,excess_return_20d,0.008690257507665982,0.20803263293521454
technical_range_market,sector_excess_return_5d,0.03957631915042498,0.10308416286371713
technical_range_market,sector_excess_return_20d,-0.022559938987044028,0.11557572159042644
technical_range_market,beta_60d,0.18362664967626213,0.07275449432900645
technical_range_market,market_return_5d,-0.006802775853471714,0.21232980184064584
technical_range_market,market_drawdown_from_60d_high,0.0005685036758773663,0.6902920317729625
technical_range_market,vix_level,0.00356327276077908,0.7694788126225529
technical_range_market,vix_change_5d,0.10004589786908492,0.2893351010030799
technical_range_beta,return_1d,-0.027554705509135795,0.03532827221972044
technical_range_beta,return_5d,0.02783615733098116,0.14879323596684937
technical_range_beta,sma_5_gap,0.03228763327646666,0.13121686133667965
technical_range_beta,sma_10_gap,-0.08491135939307089,0.20749510013387448
technical_range_beta,volatility_5d,0.12199238124855284,0.11960933538982858
technical_range_beta,volatility_10d,-0.16002027296321336,0.1835968981094696
technical_range_beta,volume_ratio_5d,0.13075471097375677,0.05334158529969186
technical_range_beta,parkinson_vol_10d,0.06503312789017694,0.437277329111849
technical_range_beta,garman_klass_vol_10d,0.1513714841013651,0.3463133915718535
technical_range_beta,atr_14_pct,0.2591696440505707,0.5255045627890972
technical_range_beta,volatility_20d,0.03812476772535036,0.165601814818515
technical_range_beta,drawdown_from_20d_high,0.02254468323540086,0.16451000327188342
technical_range_beta,beta_60d,0.17240349988565212,0.07507576255904048
technical_range_relative,return_1d,-0.024349302272360762,0.034826965848890924
technical_range_relative,return_5d,-0.10881356933880276,0.37077397559309283
technical_range_relative,sma_5_gap,0.03517223660015677,0.13923179081419743
technical_range_relative,sma_10_gap,-0.08704378617827836,0.22908543494419467
technical_range_relative,volatility_5d,0.10160705129911346,0.09564021258298813
technical_range_relative,volatility_10d,-0.16473745754929514,0.17379076200043797
technical_range_relative,volume_ratio_5d,0.12416525162343459,0.052604264419815944
technical_range_relative,parkinson_vol_10d,0.05883536874773853,0.4546957849030763
technical_range_relative,garman_klass_vol_10d,0.1341394160757946,0.33419294912910064
technical_range_relative,atr_14_pct,0.2935754049732581,0.5024791218501833
technical_range_relative,volatility_20d,0.04774856994803107,0.1810057892112165
technical_range_relative,drawdown_from_20d_high,0.032096286197345614,0.24190933435556491
technical_range_relative,excess_return_5d,0.1331882552707079,0.376818921679691
technical_range_relative,excess_return_20d,0.012390575761987642,0.22518643454217435
technical_range_relative,sector_excess_return_5d,0.030483429731530017,0.10922250720020286
technical_range_relative,sector_excess_return_20d,-0.02649764071414384,0.12576335423843893
technical_range_relative,beta_60d,0.179116720325156,0.07499121948592789
technical_range_regime,return_1d,-0.02245979820871339,0.03691751636495477
technical_range_regime,return_5d,0.07864527970717533,0.13756433554454175
technical_range_regime,sma_5_gap,0.0398741438581374,0.12713772324607497
technical_range_regime,sma_10_gap,-0.08838858248340796,0.2115253209113324
technical_range_regime,volatility_5d,0.09671668831559622,0.078528503821504
technical_range_regime,volatility_10d,-0.1619150678564238,0.20539405662199944
technical_range_regime,volume_ratio_5d,0.12197547614492243,0.05160949029929774
technical_range_regime,parkinson_vol_10d,0.06332839531268634,0.3820212807584922
technical_range_regime,garman_klass_vol_10d,0.08971058748453799,0.3056363742825161
technical_range_regime,atr_14_pct,0.4353956213364634,0.4176936789215283
technical_range_regime,volatility_20d,0.058011008746886646,0.176074510296175
technical_range_regime,drawdown_from_20d_high,0.03504851978601043,0.16072113850699193
technical_range_regime,market_return_5d,-0.043464579319812555,0.2032602098472725
technical_range_regime,market_drawdown_from_60d_high,0.03607577066646607,0.6999536033033235
technical_range_regime,vix_level,-0.021566186873098598,0.7733726885954538
technical_range_regime,vix_change_5d,0.1112942617534854,0.28867086089444444
