watch_threshold_ratio,trust_threshold,uncertainty_threshold,uncertainty_penalty,min_watch_threshold,alert_count,alert_rate,watch_count,watch_rate,abstain_count,abstain_rate,no_alert_count,no_alert_rate,alert_precision,alert_recall,alert_false_alarm_rate,alert_miss_rate,coverage,selective_risk,alert_only_selective_risk,alert_or_watch_selective_risk
0.6,0.3,0.5,0.25,0.05,0.0,0.0,157448.0,0.6287256812446091,758.0,0.003026866434527042,92218.0,0.3682474523208638,0.0,0.0,0.0,1.0,0.6287256812446091,0.11300873939332351,0.11300873939332351,0.8869912606066764
0.6,0.3,0.5,0.5,0.05,0.0,0.0,157448.0,0.6287256812446091,758.0,0.003026866434527042,92218.0,0.3682474523208638,0.0,0.0,0.0,1.0,0.6287256812446091,0.11300873939332351,0.11300873939332351,0.8869912606066764
0.6,0.3,0.5,0.75,0.05,0.0,0.0,157448.0,0.6287256812446091,758.0,0.003026866434527042,92218.0,0.3682474523208638,0.0,0.0,0.0,1.0,0.6287256812446091,0.11300873939332351,0.11300873939332351,0.8869912606066764
0.6,0.3,0.6,0.25,0.05,0.0,0.0,157448.0,0.6287256812446091,0.0,0.0,92976.0,0.37127431875539085,0.0,0.0,0.0,1.0,0.6287256812446091,0.11300873939332351,0.11300873939332351,0.8869912606066764
0.6,0.3,0.6,0.5,0.05,0.0,0.0,157448.0,0.6287256812446091,0.0,0.0,92976.0,0.37127431875539085,0.0,0.0,0.0,1.0,0.6287256812446091,0.11300873939332351,0.11300873939332351,0.8869912606066764
0.6,0.3,0.6,0.75,0.05,0.0,0.0,157448.0,0.6287256812446091,0.0,0.0,92976.0,0.37127431875539085,0.0,0.0,0.0,1.0,0.6287256812446091,0.11300873939332351,0.11300873939332351,0.8869912606066764
0.6,0.3,0.7,0.25,0.05,0.0,0.0,157448.0,0.6287256812446091,0.0,0.0,92976.0,0.37127431875539085,0.0,0.0,0.0,1.0,0.6287256812446091,0.11300873939332351,0.11300873939332351,0.8869912606066764
0.6,0.3,0.7,0.5,0.05,0.0,0.0,157448.0,0.6287256812446091,0.0,0.0,92976.0,0.37127431875539085,0.0,0.0,0.0,1.0,0.6287256812446091,0.11300873939332351,0.11300873939332351,0.8869912606066764
0.6,0.3,0.7,0.75,0.05,0.0,0.0,157448.0,0.6287256812446091,0.0,0.0,92976.0,0.37127431875539085,0.0,0.0,0.0,1.0,0.6287256812446091,0.11300873939332351,0.11300873939332351,0.8869912606066764
0.6,0.3,0.8,0.25,0.05,0.0,0.0,157448.0,0.6287256812446091,0.0,0.0,92976.0,0.37127431875539085,0.0,0.0,0.0,1.0,0.6287256812446091,0.11300873939332351,0.11300873939332351,0.8869912606066764
0.6,0.3,0.8,0.5,0.05,0.0,0.0,157448.0,0.6287256812446091,0.0,0.0,92976.0,0.37127431875539085,0.0,0.0,0.0,1.0,0.6287256812446091,0.11300873939332351,0.11300873939332351,0.8869912606066764
0.6,0.3,0.8,0.75,0.05,0.0,0.0,157448.0,0.6287256812446091,0.0,0.0,92976.0,0.37127431875539085,0.0,0.0,0.0,1.0,0.6287256812446091,0.11300873939332351,0.11300873939332351,0.8869912606066764
0.6,0.3,0.9,0.25,0.05,0.0,0.0,157448.0,0.6287256812446091,0.0,0.0,92976.0,0.37127431875539085,0.0,0.0,0.0,1.0,0.6287256812446091,0.11300873939332351,0.11300873939332351,0.8869912606066764
0.6,0.3,0.9,0.5,0.05,0.0,0.0,157448.0,0.6287256812446091,0.0,0.0,92976.0,0.37127431875539085,0.0,0.0,0.0,1.0,0.6287256812446091,0.11300873939332351,0.11300873939332351,0.8869912606066764
0.6,0.3,0.9,0.75,0.05,0.0,0.0,157448.0,0.6287256812446091,0.0,0.0,92976.0,0.37127431875539085,0.0,0.0,0.0,1.0,0.6287256812446091,0.11300873939332351,0.11300873939332351,0.8869912606066764
0.6,0.4,0.5,0.25,0.05,0.0,0.0,157448.0,0.6287256812446091,758.0,0.003026866434527042,92218.0,0.3682474523208638,0.0,0.0,0.0,1.0,0.6287256812446091,0.11300873939332351,0.11300873939332351,0.8869912606066764
0.6,0.4,0.5,0.5,0.05,0.0,0.0,157448.0,0.6287256812446091,758.0,0.003026866434527042,92218.0,0.3682474523208638,0.0,0.0,0.0,1.0,0.6287256812446091,0.11300873939332351,0.11300873939332351,0.8869912606066764
0.6,0.4,0.5,0.75,0.05,0.0,0.0,157448.0,0.6287256812446091,758.0,0.003026866434527042,92218.0,0.3682474523208638,0.0,0.0,0.0,1.0,0.6287256812446091,0.11300873939332351,0.11300873939332351,0.8869912606066764
0.6,0.4,0.6,0.25,0.05,0.0,0.0,157448.0,0.6287256812446091,0.0,0.0,92976.0,0.37127431875539085,0.0,0.0,0.0,1.0,0.6287256812446091,0.11300873939332351,0.11300873939332351,0.8869912606066764
0.6,0.4,0.6,0.5,0.05,0.0,0.0,157448.0,0.6287256812446091,0.0,0.0,92976.0,0.37127431875539085,0.0,0.0,0.0,1.0,0.6287256812446091,0.11300873939332351,0.11300873939332351,0.8869912606066764
0.6,0.4,0.6,0.75,0.05,0.0,0.0,157448.0,0.6287256812446091,0.0,0.0,92976.0,0.37127431875539085,0.0,0.0,0.0,1.0,0.6287256812446091,0.11300873939332351,0.11300873939332351,0.8869912606066764
0.6,0.4,0.7,0.25,0.05,0.0,0.0,157448.0,0.6287256812446091,0.0,0.0,92976.0,0.37127431875539085,0.0,0.0,0.0,1.0,0.6287256812446091,0.11300873939332351,0.11300873939332351,0.8869912606066764
0.6,0.4,0.7,0.5,0.05,0.0,0.0,157448.0,0.6287256812446091,0.0,0.0,92976.0,0.37127431875539085,0.0,0.0,0.0,1.0,0.6287256812446091,0.11300873939332351,0.11300873939332351,0.8869912606066764
0.6,0.4,0.7,0.75,0.05,0.0,0.0,157448.0,0.6287256812446091,0.0,0.0,92976.0,0.37127431875539085,0.0,0.0,0.0,1.0,0.6287256812446091,0.11300873939332351,0.11300873939332351,0.8869912606066764
0.6,0.4,0.8,0.25,0.05,0.0,0.0,157448.0,0.6287256812446091,0.0,0.0,92976.0,0.37127431875539085,0.0,0.0,0.0,1.0,0.6287256812446091,0.11300873939332351,0.11300873939332351,0.8869912606066764
0.6,0.4,0.8,0.5,0.05,0.0,0.0,157448.0,0.6287256812446091,0.0,0.0,92976.0,0.37127431875539085,0.0,0.0,0.0,1.0,0.6287256812446091,0.11300873939332351,0.11300873939332351,0.8869912606066764
0.6,0.4,0.8,0.75,0.05,0.0,0.0,157448.0,0.6287256812446091,0.0,0.0,92976.0,0.37127431875539085,0.0,0.0,0.0,1.0,0.6287256812446091,0.11300873939332351,0.11300873939332351,0.8869912606066764
0.6,0.4,0.9,0.25,0.05,0.0,0.0,157448.0,0.6287256812446091,0.0,0.0,92976.0,0.37127431875539085,0.0,0.0,0.0,1.0,0.6287256812446091,0.11300873939332351,0.11300873939332351,0.8869912606066764
0.6,0.4,0.9,0.5,0.05,0.0,0.0,157448.0,0.6287256812446091,0.0,0.0,92976.0,0.37127431875539085,0.0,0.0,0.0,1.0,0.6287256812446091,0.11300873939332351,0.11300873939332351,0.8869912606066764
0.6,0.4,0.9,0.75,0.05,0.0,0.0,157448.0,0.6287256812446091,0.0,0.0,92976.0,0.37127431875539085,0.0,0.0,0.0,1.0,0.6287256812446091,0.11300873939332351,0.11300873939332351,0.8869912606066764
0.6,0.5,0.5,0.25,0.05,0.0,0.0,157448.0,0.6287256812446091,758.0,0.003026866434527042,92218.0,0.3682474523208638,0.0,0.0,0.0,1.0,0.6287256812446091,0.11300873939332351,0.11300873939332351,0.8869912606066764
0.6,0.5,0.5,0.5,0.05,0.0,0.0,157448.0,0.6287256812446091,758.0,0.003026866434527042,92218.0,0.3682474523208638,0.0,0.0,0.0,1.0,0.6287256812446091,0.11300873939332351,0.11300873939332351,0.8869912606066764
0.6,0.5,0.5,0.75,0.05,0.0,0.0,157448.0,0.6287256812446091,758.0,0.003026866434527042,92218.0,0.3682474523208638,0.0,0.0,0.0,1.0,0.6287256812446091,0.11300873939332351,0.11300873939332351,0.8869912606066764
0.6,0.5,0.6,0.25,0.05,0.0,0.0,157448.0,0.6287256812446091,0.0,0.0,92976.0,0.37127431875539085,0.0,0.0,0.0,1.0,0.6287256812446091,0.11300873939332351,0.11300873939332351,0.8869912606066764
0.6,0.5,0.6,0.5,0.05,0.0,0.0,157448.0,0.6287256812446091,0.0,0.0,92976.0,0.37127431875539085,0.0,0.0,0.0,1.0,0.6287256812446091,0.11300873939332351,0.11300873939332351,0.8869912606066764
0.6,0.5,0.6,0.75,0.05,0.0,0.0,157448.0,0.6287256812446091,0.0,0.0,92976.0,0.37127431875539085,0.0,0.0,0.0,1.0,0.6287256812446091,0.11300873939332351,0.11300873939332351,0.8869912606066764
0.6,0.5,0.7,0.25,0.05,0.0,0.0,157448.0,0.6287256812446091,0.0,0.0,92976.0,0.37127431875539085,0.0,0.0,0.0,1.0,0.6287256812446091,0.11300873939332351,0.11300873939332351,0.8869912606066764
0.6,0.5,0.7,0.5,0.05,0.0,0.0,157448.0,0.6287256812446091,0.0,0.0,92976.0,0.37127431875539085,0.0,0.0,0.0,1.0,0.6287256812446091,0.11300873939332351,0.11300873939332351,0.8869912606066764
0.6,0.5,0.7,0.75,0.05,0.0,0.0,157448.0,0.6287256812446091,0.0,0.0,92976.0,0.37127431875539085,0.0,0.0,0.0,1.0,0.6287256812446091,0.11300873939332351,0.11300873939332351,0.8869912606066764
0.6,0.5,0.8,0.25,0.05,0.0,0.0,157448.0,0.6287256812446091,0.0,0.0,92976.0,0.37127431875539085,0.0,0.0,0.0,1.0,0.6287256812446091,0.11300873939332351,0.11300873939332351,0.8869912606066764
0.6,0.5,0.8,0.5,0.05,0.0,0.0,157448.0,0.6287256812446091,0.0,0.0,92976.0,0.37127431875539085,0.0,0.0,0.0,1.0,0.6287256812446091,0.11300873939332351,0.11300873939332351,0.8869912606066764
0.6,0.5,0.8,0.75,0.05,0.0,0.0,157448.0,0.6287256812446091,0.0,0.0,92976.0,0.37127431875539085,0.0,0.0,0.0,1.0,0.6287256812446091,0.11300873939332351,0.11300873939332351,0.8869912606066764
0.6,0.5,0.9,0.25,0.05,0.0,0.0,157448.0,0.6287256812446091,0.0,0.0,92976.0,0.37127431875539085,0.0,0.0,0.0,1.0,0.6287256812446091,0.11300873939332351,0.11300873939332351,0.8869912606066764
0.6,0.5,0.9,0.5,0.05,0.0,0.0,157448.0,0.6287256812446091,0.0,0.0,92976.0,0.37127431875539085,0.0,0.0,0.0,1.0,0.6287256812446091,0.11300873939332351,0.11300873939332351,0.8869912606066764
0.6,0.5,0.9,0.75,0.05,0.0,0.0,157448.0,0.6287256812446091,0.0,0.0,92976.0,0.37127431875539085,0.0,0.0,0.0,1.0,0.6287256812446091,0.11300873939332351,0.11300873939332351,0.8869912606066764
0.6,0.6,0.5,0.25,0.05,0.0,0.0,157448.0,0.6287256812446091,758.0,0.003026866434527042,92218.0,0.3682474523208638,0.0,0.0,0.0,1.0,0.6287256812446091,0.11300873939332351,0.11300873939332351,0.8869912606066764
0.6,0.6,0.5,0.5,0.05,0.0,0.0,157448.0,0.6287256812446091,758.0,0.003026866434527042,92218.0,0.3682474523208638,0.0,0.0,0.0,1.0,0.6287256812446091,0.11300873939332351,0.11300873939332351,0.8869912606066764
0.6,0.6,0.5,0.75,0.05,0.0,0.0,157448.0,0.6287256812446091,758.0,0.003026866434527042,92218.0,0.3682474523208638,0.0,0.0,0.0,1.0,0.6287256812446091,0.11300873939332351,0.11300873939332351,0.8869912606066764
0.6,0.6,0.6,0.25,0.05,0.0,0.0,157448.0,0.6287256812446091,0.0,0.0,92976.0,0.37127431875539085,0.0,0.0,0.0,1.0,0.6287256812446091,0.11300873939332351,0.11300873939332351,0.8869912606066764
0.6,0.6,0.6,0.5,0.05,0.0,0.0,157448.0,0.6287256812446091,0.0,0.0,92976.0,0.37127431875539085,0.0,0.0,0.0,1.0,0.6287256812446091,0.11300873939332351,0.11300873939332351,0.8869912606066764
0.6,0.6,0.6,0.75,0.05,0.0,0.0,157448.0,0.6287256812446091,0.0,0.0,92976.0,0.37127431875539085,0.0,0.0,0.0,1.0,0.6287256812446091,0.11300873939332351,0.11300873939332351,0.8869912606066764
0.6,0.6,0.7,0.25,0.05,0.0,0.0,157448.0,0.6287256812446091,0.0,0.0,92976.0,0.37127431875539085,0.0,0.0,0.0,1.0,0.6287256812446091,0.11300873939332351,0.11300873939332351,0.8869912606066764
0.6,0.6,0.7,0.5,0.05,0.0,0.0,157448.0,0.6287256812446091,0.0,0.0,92976.0,0.37127431875539085,0.0,0.0,0.0,1.0,0.6287256812446091,0.11300873939332351,0.11300873939332351,0.8869912606066764
0.6,0.6,0.7,0.75,0.05,0.0,0.0,157448.0,0.6287256812446091,0.0,0.0,92976.0,0.37127431875539085,0.0,0.0,0.0,1.0,0.6287256812446091,0.11300873939332351,0.11300873939332351,0.8869912606066764
0.6,0.6,0.8,0.25,0.05,0.0,0.0,157448.0,0.6287256812446091,0.0,0.0,92976.0,0.37127431875539085,0.0,0.0,0.0,1.0,0.6287256812446091,0.11300873939332351,0.11300873939332351,0.8869912606066764
0.6,0.6,0.8,0.5,0.05,0.0,0.0,157448.0,0.6287256812446091,0.0,0.0,92976.0,0.37127431875539085,0.0,0.0,0.0,1.0,0.6287256812446091,0.11300873939332351,0.11300873939332351,0.8869912606066764
0.6,0.6,0.8,0.75,0.05,0.0,0.0,157448.0,0.6287256812446091,0.0,0.0,92976.0,0.37127431875539085,0.0,0.0,0.0,1.0,0.6287256812446091,0.11300873939332351,0.11300873939332351,0.8869912606066764
0.6,0.6,0.9,0.25,0.05,0.0,0.0,157448.0,0.6287256812446091,0.0,0.0,92976.0,0.37127431875539085,0.0,0.0,0.0,1.0,0.6287256812446091,0.11300873939332351,0.11300873939332351,0.8869912606066764
0.6,0.6,0.9,0.5,0.05,0.0,0.0,157448.0,0.6287256812446091,0.0,0.0,92976.0,0.37127431875539085,0.0,0.0,0.0,1.0,0.6287256812446091,0.11300873939332351,0.11300873939332351,0.8869912606066764
0.6,0.6,0.9,0.75,0.05,0.0,0.0,157448.0,0.6287256812446091,0.0,0.0,92976.0,0.37127431875539085,0.0,0.0,0.0,1.0,0.6287256812446091,0.11300873939332351,0.11300873939332351,0.8869912606066764
0.6,0.7,0.5,0.25,0.05,0.0,0.0,157448.0,0.6287256812446091,758.0,0.003026866434527042,92218.0,0.3682474523208638,0.0,0.0,0.0,1.0,0.6287256812446091,0.11300873939332351,0.11300873939332351,0.8869912606066764
0.6,0.7,0.5,0.5,0.05,0.0,0.0,157448.0,0.6287256812446091,758.0,0.003026866434527042,92218.0,0.3682474523208638,0.0,0.0,0.0,1.0,0.6287256812446091,0.11300873939332351,0.11300873939332351,0.8869912606066764
0.6,0.7,0.5,0.75,0.05,0.0,0.0,157448.0,0.6287256812446091,758.0,0.003026866434527042,92218.0,0.3682474523208638,0.0,0.0,0.0,1.0,0.6287256812446091,0.11300873939332351,0.11300873939332351,0.8869912606066764
0.6,0.7,0.6,0.25,0.05,0.0,0.0,157448.0,0.6287256812446091,0.0,0.0,92976.0,0.37127431875539085,0.0,0.0,0.0,1.0,0.6287256812446091,0.11300873939332351,0.11300873939332351,0.8869912606066764
0.6,0.7,0.6,0.5,0.05,0.0,0.0,157448.0,0.6287256812446091,0.0,0.0,92976.0,0.37127431875539085,0.0,0.0,0.0,1.0,0.6287256812446091,0.11300873939332351,0.11300873939332351,0.8869912606066764
0.6,0.7,0.6,0.75,0.05,0.0,0.0,157448.0,0.6287256812446091,0.0,0.0,92976.0,0.37127431875539085,0.0,0.0,0.0,1.0,0.6287256812446091,0.11300873939332351,0.11300873939332351,0.8869912606066764
0.6,0.7,0.7,0.25,0.05,0.0,0.0,157448.0,0.6287256812446091,0.0,0.0,92976.0,0.37127431875539085,0.0,0.0,0.0,1.0,0.6287256812446091,0.11300873939332351,0.11300873939332351,0.8869912606066764
0.6,0.7,0.7,0.5,0.05,0.0,0.0,157448.0,0.6287256812446091,0.0,0.0,92976.0,0.37127431875539085,0.0,0.0,0.0,1.0,0.6287256812446091,0.11300873939332351,0.11300873939332351,0.8869912606066764
0.6,0.7,0.7,0.75,0.05,0.0,0.0,157448.0,0.6287256812446091,0.0,0.0,92976.0,0.37127431875539085,0.0,0.0,0.0,1.0,0.6287256812446091,0.11300873939332351,0.11300873939332351,0.8869912606066764
0.6,0.7,0.8,0.25,0.05,0.0,0.0,157448.0,0.6287256812446091,0.0,0.0,92976.0,0.37127431875539085,0.0,0.0,0.0,1.0,0.6287256812446091,0.11300873939332351,0.11300873939332351,0.8869912606066764
0.6,0.7,0.8,0.5,0.05,0.0,0.0,157448.0,0.6287256812446091,0.0,0.0,92976.0,0.37127431875539085,0.0,0.0,0.0,1.0,0.6287256812446091,0.11300873939332351,0.11300873939332351,0.8869912606066764
0.6,0.7,0.8,0.75,0.05,0.0,0.0,157448.0,0.6287256812446091,0.0,0.0,92976.0,0.37127431875539085,0.0,0.0,0.0,1.0,0.6287256812446091,0.11300873939332351,0.11300873939332351,0.8869912606066764
0.6,0.7,0.9,0.25,0.05,0.0,0.0,157448.0,0.6287256812446091,0.0,0.0,92976.0,0.37127431875539085,0.0,0.0,0.0,1.0,0.6287256812446091,0.11300873939332351,0.11300873939332351,0.8869912606066764
0.6,0.7,0.9,0.5,0.05,0.0,0.0,157448.0,0.6287256812446091,0.0,0.0,92976.0,0.37127431875539085,0.0,0.0,0.0,1.0,0.6287256812446091,0.11300873939332351,0.11300873939332351,0.8869912606066764
0.6,0.7,0.9,0.75,0.05,0.0,0.0,157448.0,0.6287256812446091,0.0,0.0,92976.0,0.37127431875539085,0.0,0.0,0.0,1.0,0.6287256812446091,0.11300873939332351,0.11300873939332351,0.8869912606066764
0.7,0.3,0.5,0.25,0.05,0.0,0.0,141227.0,0.5639515381912277,2508.0,0.01001501453534805,106689.0,0.4260334472734243,0.0,0.0,0.0,1.0,0.5639515381912277,0.11694647624037896,0.11694647624037896,0.883053523759621
0.7,0.3,0.5,0.5,0.05,0.0,0.0,141227.0,0.5639515381912277,2508.0,0.01001501453534805,106689.0,0.4260334472734243,0.0,0.0,0.0,1.0,0.5639515381912277,0.11694647624037896,0.11694647624037896,0.883053523759621
0.7,0.3,0.5,0.75,0.05,0.0,0.0,141227.0,0.5639515381912277,2508.0,0.01001501453534805,106689.0,0.4260334472734243,0.0,0.0,0.0,1.0,0.5639515381912277,0.11694647624037896,0.11694647624037896,0.883053523759621
0.7,0.3,0.6,0.25,0.05,0.0,0.0,141227.0,0.5639515381912277,147.0,0.0005870044404689646,109050.0,0.4354614573683034,0.0,0.0,0.0,1.0,0.5639515381912277,0.11694647624037896,0.11694647624037896,0.883053523759621
0.7,0.3,0.6,0.5,0.05,0.0,0.0,141227.0,0.5639515381912277,147.0,0.0005870044404689646,109050.0,0.4354614573683034,0.0,0.0,0.0,1.0,0.5639515381912277,0.11694647624037896,0.11694647624037896,0.883053523759621
0.7,0.3,0.6,0.75,0.05,0.0,0.0,141227.0,0.5639515381912277,147.0,0.0005870044404689646,109050.0,0.4354614573683034,0.0,0.0,0.0,1.0,0.5639515381912277,0.11694647624037896,0.11694647624037896,0.883053523759621
0.7,0.3,0.7,0.25,0.05,0.0,0.0,141227.0,0.5639515381912277,0.0,0.0,109197.0,0.4360484618087723,0.0,0.0,0.0,1.0,0.5639515381912277,0.11694647624037896,0.11694647624037896,0.883053523759621
0.7,0.3,0.7,0.5,0.05,0.0,0.0,141227.0,0.5639515381912277,0.0,0.0,109197.0,0.4360484618087723,0.0,0.0,0.0,1.0,0.5639515381912277,0.11694647624037896,0.11694647624037896,0.883053523759621
0.7,0.3,0.7,0.75,0.05,0.0,0.0,141227.0,0.5639515381912277,0.0,0.0,109197.0,0.4360484618087723,0.0,0.0,0.0,1.0,0.5639515381912277,0.11694647624037896,0.11694647624037896,0.883053523759621
0.7,0.3,0.8,0.25,0.05,0.0,0.0,141227.0,0.5639515381912277,0.0,0.0,109197.0,0.4360484618087723,0.0,0.0,0.0,1.0,0.5639515381912277,0.11694647624037896,0.11694647624037896,0.883053523759621
0.7,0.3,0.8,0.5,0.05,0.0,0.0,141227.0,0.5639515381912277,0.0,0.0,109197.0,0.4360484618087723,0.0,0.0,0.0,1.0,0.5639515381912277,0.11694647624037896,0.11694647624037896,0.883053523759621
0.7,0.3,0.8,0.75,0.05,0.0,0.0,141227.0,0.5639515381912277,0.0,0.0,109197.0,0.4360484618087723,0.0,0.0,0.0,1.0,0.5639515381912277,0.11694647624037896,0.11694647624037896,0.883053523759621
0.7,0.3,0.9,0.25,0.05,0.0,0.0,141227.0,0.5639515381912277,0.0,0.0,109197.0,0.4360484618087723,0.0,0.0,0.0,1.0,0.5639515381912277,0.11694647624037896,0.11694647624037896,0.883053523759621
0.7,0.3,0.9,0.5,0.05,0.0,0.0,141227.0,0.5639515381912277,0.0,0.0,109197.0,0.4360484618087723,0.0,0.0,0.0,1.0,0.5639515381912277,0.11694647624037896,0.11694647624037896,0.883053523759621
0.7,0.3,0.9,0.75,0.05,0.0,0.0,141227.0,0.5639515381912277,0.0,0.0,109197.0,0.4360484618087723,0.0,0.0,0.0,1.0,0.5639515381912277,0.11694647624037896,0.11694647624037896,0.883053523759621
0.7,0.4,0.5,0.25,0.05,0.0,0.0,141227.0,0.5639515381912277,2508.0,0.01001501453534805,106689.0,0.4260334472734243,0.0,0.0,0.0,1.0,0.5639515381912277,0.11694647624037896,0.11694647624037896,0.883053523759621
0.7,0.4,0.5,0.5,0.05,0.0,0.0,141227.0,0.5639515381912277,2508.0,0.01001501453534805,106689.0,0.4260334472734243,0.0,0.0,0.0,1.0,0.5639515381912277,0.11694647624037896,0.11694647624037896,0.883053523759621
0.7,0.4,0.5,0.75,0.05,0.0,0.0,141227.0,0.5639515381912277,2508.0,0.01001501453534805,106689.0,0.4260334472734243,0.0,0.0,0.0,1.0,0.5639515381912277,0.11694647624037896,0.11694647624037896,0.883053523759621
0.7,0.4,0.6,0.25,0.05,0.0,0.0,141227.0,0.5639515381912277,147.0,0.0005870044404689646,109050.0,0.4354614573683034,0.0,0.0,0.0,1.0,0.5639515381912277,0.11694647624037896,0.11694647624037896,0.883053523759621
0.7,0.4,0.6,0.5,0.05,0.0,0.0,141227.0,0.5639515381912277,147.0,0.0005870044404689646,109050.0,0.4354614573683034,0.0,0.0,0.0,1.0,0.5639515381912277,0.11694647624037896,0.11694647624037896,0.883053523759621
0.7,0.4,0.6,0.75,0.05,0.0,0.0,141227.0,0.5639515381912277,147.0,0.0005870044404689646,109050.0,0.4354614573683034,0.0,0.0,0.0,1.0,0.5639515381912277,0.11694647624037896,0.11694647624037896,0.883053523759621
0.7,0.4,0.7,0.25,0.05,0.0,0.0,141227.0,0.5639515381912277,0.0,0.0,109197.0,0.4360484618087723,0.0,0.0,0.0,1.0,0.5639515381912277,0.11694647624037896,0.11694647624037896,0.883053523759621
0.7,0.4,0.7,0.5,0.05,0.0,0.0,141227.0,0.5639515381912277,0.0,0.0,109197.0,0.4360484618087723,0.0,0.0,0.0,1.0,0.5639515381912277,0.11694647624037896,0.11694647624037896,0.883053523759621
0.7,0.4,0.7,0.75,0.05,0.0,0.0,141227.0,0.5639515381912277,0.0,0.0,109197.0,0.4360484618087723,0.0,0.0,0.0,1.0,0.5639515381912277,0.11694647624037896,0.11694647624037896,0.883053523759621
0.7,0.4,0.8,0.25,0.05,0.0,0.0,141227.0,0.5639515381912277,0.0,0.0,109197.0,0.4360484618087723,0.0,0.0,0.0,1.0,0.5639515381912277,0.11694647624037896,0.11694647624037896,0.883053523759621
0.7,0.4,0.8,0.5,0.05,0.0,0.0,141227.0,0.5639515381912277,0.0,0.0,109197.0,0.4360484618087723,0.0,0.0,0.0,1.0,0.5639515381912277,0.11694647624037896,0.11694647624037896,0.883053523759621
0.7,0.4,0.8,0.75,0.05,0.0,0.0,141227.0,0.5639515381912277,0.0,0.0,109197.0,0.4360484618087723,0.0,0.0,0.0,1.0,0.5639515381912277,0.11694647624037896,0.11694647624037896,0.883053523759621
0.7,0.4,0.9,0.25,0.05,0.0,0.0,141227.0,0.5639515381912277,0.0,0.0,109197.0,0.4360484618087723,0.0,0.0,0.0,1.0,0.5639515381912277,0.11694647624037896,0.11694647624037896,0.883053523759621
0.7,0.4,0.9,0.5,0.05,0.0,0.0,141227.0,0.5639515381912277,0.0,0.0,109197.0,0.4360484618087723,0.0,0.0,0.0,1.0,0.5639515381912277,0.11694647624037896,0.11694647624037896,0.883053523759621
0.7,0.4,0.9,0.75,0.05,0.0,0.0,141227.0,0.5639515381912277,0.0,0.0,109197.0,0.4360484618087723,0.0,0.0,0.0,1.0,0.5639515381912277,0.11694647624037896,0.11694647624037896,0.883053523759621
0.7,0.5,0.5,0.25,0.05,0.0,0.0,141227.0,0.5639515381912277,2508.0,0.01001501453534805,106689.0,0.4260334472734243,0.0,0.0,0.0,1.0,0.5639515381912277,0.11694647624037896,0.11694647624037896,0.883053523759621
0.7,0.5,0.5,0.5,0.05,0.0,0.0,141227.0,0.5639515381912277,2508.0,0.01001501453534805,106689.0,0.4260334472734243,0.0,0.0,0.0,1.0,0.5639515381912277,0.11694647624037896,0.11694647624037896,0.883053523759621
0.7,0.5,0.5,0.75,0.05,0.0,0.0,141227.0,0.5639515381912277,2508.0,0.01001501453534805,106689.0,0.4260334472734243,0.0,0.0,0.0,1.0,0.5639515381912277,0.11694647624037896,0.11694647624037896,0.883053523759621
0.7,0.5,0.6,0.25,0.05,0.0,0.0,141227.0,0.5639515381912277,147.0,0.0005870044404689646,109050.0,0.4354614573683034,0.0,0.0,0.0,1.0,0.5639515381912277,0.11694647624037896,0.11694647624037896,0.883053523759621
0.7,0.5,0.6,0.5,0.05,0.0,0.0,141227.0,0.5639515381912277,147.0,0.0005870044404689646,109050.0,0.4354614573683034,0.0,0.0,0.0,1.0,0.5639515381912277,0.11694647624037896,0.11694647624037896,0.883053523759621
0.7,0.5,0.6,0.75,0.05,0.0,0.0,141227.0,0.5639515381912277,147.0,0.0005870044404689646,109050.0,0.4354614573683034,0.0,0.0,0.0,1.0,0.5639515381912277,0.11694647624037896,0.11694647624037896,0.883053523759621
0.7,0.5,0.7,0.25,0.05,0.0,0.0,141227.0,0.5639515381912277,0.0,0.0,109197.0,0.4360484618087723,0.0,0.0,0.0,1.0,0.5639515381912277,0.11694647624037896,0.11694647624037896,0.883053523759621
0.7,0.5,0.7,0.5,0.05,0.0,0.0,141227.0,0.5639515381912277,0.0,0.0,109197.0,0.4360484618087723,0.0,0.0,0.0,1.0,0.5639515381912277,0.11694647624037896,0.11694647624037896,0.883053523759621
0.7,0.5,0.7,0.75,0.05,0.0,0.0,141227.0,0.5639515381912277,0.0,0.0,109197.0,0.4360484618087723,0.0,0.0,0.0,1.0,0.5639515381912277,0.11694647624037896,0.11694647624037896,0.883053523759621
0.7,0.5,0.8,0.25,0.05,0.0,0.0,141227.0,0.5639515381912277,0.0,0.0,109197.0,0.4360484618087723,0.0,0.0,0.0,1.0,0.5639515381912277,0.11694647624037896,0.11694647624037896,0.883053523759621
0.7,0.5,0.8,0.5,0.05,0.0,0.0,141227.0,0.5639515381912277,0.0,0.0,109197.0,0.4360484618087723,0.0,0.0,0.0,1.0,0.5639515381912277,0.11694647624037896,0.11694647624037896,0.883053523759621
0.7,0.5,0.8,0.75,0.05,0.0,0.0,141227.0,0.5639515381912277,0.0,0.0,109197.0,0.4360484618087723,0.0,0.0,0.0,1.0,0.5639515381912277,0.11694647624037896,0.11694647624037896,0.883053523759621
0.7,0.5,0.9,0.25,0.05,0.0,0.0,141227.0,0.5639515381912277,0.0,0.0,109197.0,0.4360484618087723,0.0,0.0,0.0,1.0,0.5639515381912277,0.11694647624037896,0.11694647624037896,0.883053523759621
0.7,0.5,0.9,0.5,0.05,0.0,0.0,141227.0,0.5639515381912277,0.0,0.0,109197.0,0.4360484618087723,0.0,0.0,0.0,1.0,0.5639515381912277,0.11694647624037896,0.11694647624037896,0.883053523759621
0.7,0.5,0.9,0.75,0.05,0.0,0.0,141227.0,0.5639515381912277,0.0,0.0,109197.0,0.4360484618087723,0.0,0.0,0.0,1.0,0.5639515381912277,0.11694647624037896,0.11694647624037896,0.883053523759621
0.7,0.6,0.5,0.25,0.05,0.0,0.0,141227.0,0.5639515381912277,2508.0,0.01001501453534805,106689.0,0.4260334472734243,0.0,0.0,0.0,1.0,0.5639515381912277,0.11694647624037896,0.11694647624037896,0.883053523759621
0.7,0.6,0.5,0.5,0.05,0.0,0.0,141227.0,0.5639515381912277,2508.0,0.01001501453534805,106689.0,0.4260334472734243,0.0,0.0,0.0,1.0,0.5639515381912277,0.11694647624037896,0.11694647624037896,0.883053523759621
0.7,0.6,0.5,0.75,0.05,0.0,0.0,141227.0,0.5639515381912277,2508.0,0.01001501453534805,106689.0,0.4260334472734243,0.0,0.0,0.0,1.0,0.5639515381912277,0.11694647624037896,0.11694647624037896,0.883053523759621
0.7,0.6,0.6,0.25,0.05,0.0,0.0,141227.0,0.5639515381912277,147.0,0.0005870044404689646,109050.0,0.4354614573683034,0.0,0.0,0.0,1.0,0.5639515381912277,0.11694647624037896,0.11694647624037896,0.883053523759621
0.7,0.6,0.6,0.5,0.05,0.0,0.0,141227.0,0.5639515381912277,147.0,0.0005870044404689646,109050.0,0.4354614573683034,0.0,0.0,0.0,1.0,0.5639515381912277,0.11694647624037896,0.11694647624037896,0.883053523759621
0.7,0.6,0.6,0.75,0.05,0.0,0.0,141227.0,0.5639515381912277,147.0,0.0005870044404689646,109050.0,0.4354614573683034,0.0,0.0,0.0,1.0,0.5639515381912277,0.11694647624037896,0.11694647624037896,0.883053523759621
0.7,0.6,0.7,0.25,0.05,0.0,0.0,141227.0,0.5639515381912277,0.0,0.0,109197.0,0.4360484618087723,0.0,0.0,0.0,1.0,0.5639515381912277,0.11694647624037896,0.11694647624037896,0.883053523759621
0.7,0.6,0.7,0.5,0.05,0.0,0.0,141227.0,0.5639515381912277,0.0,0.0,109197.0,0.4360484618087723,0.0,0.0,0.0,1.0,0.5639515381912277,0.11694647624037896,0.11694647624037896,0.883053523759621
0.7,0.6,0.7,0.75,0.05,0.0,0.0,141227.0,0.5639515381912277,0.0,0.0,109197.0,0.4360484618087723,0.0,0.0,0.0,1.0,0.5639515381912277,0.11694647624037896,0.11694647624037896,0.883053523759621
0.7,0.6,0.8,0.25,0.05,0.0,0.0,141227.0,0.5639515381912277,0.0,0.0,109197.0,0.4360484618087723,0.0,0.0,0.0,1.0,0.5639515381912277,0.11694647624037896,0.11694647624037896,0.883053523759621
0.7,0.6,0.8,0.5,0.05,0.0,0.0,141227.0,0.5639515381912277,0.0,0.0,109197.0,0.4360484618087723,0.0,0.0,0.0,1.0,0.5639515381912277,0.11694647624037896,0.11694647624037896,0.883053523759621
0.7,0.6,0.8,0.75,0.05,0.0,0.0,141227.0,0.5639515381912277,0.0,0.0,109197.0,0.4360484618087723,0.0,0.0,0.0,1.0,0.5639515381912277,0.11694647624037896,0.11694647624037896,0.883053523759621
0.7,0.6,0.9,0.25,0.05,0.0,0.0,141227.0,0.5639515381912277,0.0,0.0,109197.0,0.4360484618087723,0.0,0.0,0.0,1.0,0.5639515381912277,0.11694647624037896,0.11694647624037896,0.883053523759621
0.7,0.6,0.9,0.5,0.05,0.0,0.0,141227.0,0.5639515381912277,0.0,0.0,109197.0,0.4360484618087723,0.0,0.0,0.0,1.0,0.5639515381912277,0.11694647624037896,0.11694647624037896,0.883053523759621
0.7,0.6,0.9,0.75,0.05,0.0,0.0,141227.0,0.5639515381912277,0.0,0.0,109197.0,0.4360484618087723,0.0,0.0,0.0,1.0,0.5639515381912277,0.11694647624037896,0.11694647624037896,0.883053523759621
0.7,0.7,0.5,0.25,0.05,0.0,0.0,141227.0,0.5639515381912277,2508.0,0.01001501453534805,106689.0,0.4260334472734243,0.0,0.0,0.0,1.0,0.5639515381912277,0.11694647624037896,0.11694647624037896,0.883053523759621
0.7,0.7,0.5,0.5,0.05,0.0,0.0,141227.0,0.5639515381912277,2508.0,0.01001501453534805,106689.0,0.4260334472734243,0.0,0.0,0.0,1.0,0.5639515381912277,0.11694647624037896,0.11694647624037896,0.883053523759621
0.7,0.7,0.5,0.75,0.05,0.0,0.0,141227.0,0.5639515381912277,2508.0,0.01001501453534805,106689.0,0.4260334472734243,0.0,0.0,0.0,1.0,0.5639515381912277,0.11694647624037896,0.11694647624037896,0.883053523759621
0.7,0.7,0.6,0.25,0.05,0.0,0.0,141227.0,0.5639515381912277,147.0,0.0005870044404689646,109050.0,0.4354614573683034,0.0,0.0,0.0,1.0,0.5639515381912277,0.11694647624037896,0.11694647624037896,0.883053523759621
0.7,0.7,0.6,0.5,0.05,0.0,0.0,141227.0,0.5639515381912277,147.0,0.0005870044404689646,109050.0,0.4354614573683034,0.0,0.0,0.0,1.0,0.5639515381912277,0.11694647624037896,0.11694647624037896,0.883053523759621
0.7,0.7,0.6,0.75,0.05,0.0,0.0,141227.0,0.5639515381912277,147.0,0.0005870044404689646,109050.0,0.4354614573683034,0.0,0.0,0.0,1.0,0.5639515381912277,0.11694647624037896,0.11694647624037896,0.883053523759621
0.7,0.7,0.7,0.25,0.05,0.0,0.0,141227.0,0.5639515381912277,0.0,0.0,109197.0,0.4360484618087723,0.0,0.0,0.0,1.0,0.5639515381912277,0.11694647624037896,0.11694647624037896,0.883053523759621
0.7,0.7,0.7,0.5,0.05,0.0,0.0,141227.0,0.5639515381912277,0.0,0.0,109197.0,0.4360484618087723,0.0,0.0,0.0,1.0,0.5639515381912277,0.11694647624037896,0.11694647624037896,0.883053523759621
0.7,0.7,0.7,0.75,0.05,0.0,0.0,141227.0,0.5639515381912277,0.0,0.0,109197.0,0.4360484618087723,0.0,0.0,0.0,1.0,0.5639515381912277,0.11694647624037896,0.11694647624037896,0.883053523759621
0.7,0.7,0.8,0.25,0.05,0.0,0.0,141227.0,0.5639515381912277,0.0,0.0,109197.0,0.4360484618087723,0.0,0.0,0.0,1.0,0.5639515381912277,0.11694647624037896,0.11694647624037896,0.883053523759621
0.7,0.7,0.8,0.5,0.05,0.0,0.0,141227.0,0.5639515381912277,0.0,0.0,109197.0,0.4360484618087723,0.0,0.0,0.0,1.0,0.5639515381912277,0.11694647624037896,0.11694647624037896,0.883053523759621
0.7,0.7,0.8,0.75,0.05,0.0,0.0,141227.0,0.5639515381912277,0.0,0.0,109197.0,0.4360484618087723,0.0,0.0,0.0,1.0,0.5639515381912277,0.11694647624037896,0.11694647624037896,0.883053523759621
0.7,0.7,0.9,0.25,0.05,0.0,0.0,141227.0,0.5639515381912277,0.0,0.0,109197.0,0.4360484618087723,0.0,0.0,0.0,1.0,0.5639515381912277,0.11694647624037896,0.11694647624037896,0.883053523759621
0.7,0.7,0.9,0.5,0.05,0.0,0.0,141227.0,0.5639515381912277,0.0,0.0,109197.0,0.4360484618087723,0.0,0.0,0.0,1.0,0.5639515381912277,0.11694647624037896,0.11694647624037896,0.883053523759621
0.7,0.7,0.9,0.75,0.05,0.0,0.0,141227.0,0.5639515381912277,0.0,0.0,109197.0,0.4360484618087723,0.0,0.0,0.0,1.0,0.5639515381912277,0.11694647624037896,0.11694647624037896,0.883053523759621
0.8,0.3,0.5,0.25,0.05,0.0,0.0,124067.0,0.49542775452832,4531.0,0.018093313739897133,121826.0,0.4864789317317829,0.0,0.0,0.0,1.0,0.49542775452832,0.12268371122055019,0.12268371122055019,0.8773162887794498
0.8,0.3,0.5,0.5,0.05,0.0,0.0,124067.0,0.49542775452832,4531.0,0.018093313739897133,121826.0,0.4864789317317829,0.0,0.0,0.0,1.0,0.49542775452832,0.12268371122055019,0.12268371122055019,0.8773162887794498
0.8,0.3,0.5,0.75,0.05,0.0,0.0,124067.0,0.49542775452832,4531.0,0.018093313739897133,121826.0,0.4864789317317829,0.0,0.0,0.0,1.0,0.49542775452832,0.12268371122055019,0.12268371122055019,0.8773162887794498
0.8,0.3,0.6,0.25,0.05,0.0,0.0,124067.0,0.49542775452832,1092.0,0.004360604414912309,125265.0,0.5002116410567677,0.0,0.0,0.0,1.0,0.49542775452832,0.12268371122055019,0.12268371122055019,0.8773162887794498
0.8,0.3,0.6,0.5,0.05,0.0,0.0,124067.0,0.49542775452832,1092.0,0.004360604414912309,125265.0,0.5002116410567677,0.0,0.0,0.0,1.0,0.49542775452832,0.12268371122055019,0.12268371122055019,0.8773162887794498
0.8,0.3,0.6,0.75,0.05,0.0,0.0,124067.0,0.49542775452832,1092.0,0.004360604414912309,125265.0,0.5002116410567677,0.0,0.0,0.0,1.0,0.49542775452832,0.12268371122055019,0.12268371122055019,0.8773162887794498
0.8,0.3,0.7,0.25,0.05,0.0,0.0,124067.0,0.49542775452832,0.0,0.0,126357.0,0.50457224547168,0.0,0.0,0.0,1.0,0.49542775452832,0.12268371122055019,0.12268371122055019,0.8773162887794498
0.8,0.3,0.7,0.5,0.05,0.0,0.0,124067.0,0.49542775452832,0.0,0.0,126357.0,0.50457224547168,0.0,0.0,0.0,1.0,0.49542775452832,0.12268371122055019,0.12268371122055019,0.8773162887794498
0.8,0.3,0.7,0.75,0.05,0.0,0.0,124067.0,0.49542775452832,0.0,0.0,126357.0,0.50457224547168,0.0,0.0,0.0,1.0,0.49542775452832,0.12268371122055019,0.12268371122055019,0.8773162887794498
0.8,0.3,0.8,0.25,0.05,0.0,0.0,124067.0,0.49542775452832,0.0,0.0,126357.0,0.50457224547168,0.0,0.0,0.0,1.0,0.49542775452832,0.12268371122055019,0.12268371122055019,0.8773162887794498
0.8,0.3,0.8,0.5,0.05,0.0,0.0,124067.0,0.49542775452832,0.0,0.0,126357.0,0.50457224547168,0.0,0.0,0.0,1.0,0.49542775452832,0.12268371122055019,0.12268371122055019,0.8773162887794498
0.8,0.3,0.8,0.75,0.05,0.0,0.0,124067.0,0.49542775452832,0.0,0.0,126357.0,0.50457224547168,0.0,0.0,0.0,1.0,0.49542775452832,0.12268371122055019,0.12268371122055019,0.8773162887794498
0.8,0.3,0.9,0.25,0.05,0.0,0.0,124067.0,0.49542775452832,0.0,0.0,126357.0,0.50457224547168,0.0,0.0,0.0,1.0,0.49542775452832,0.12268371122055019,0.12268371122055019,0.8773162887794498
0.8,0.3,0.9,0.5,0.05,0.0,0.0,124067.0,0.49542775452832,0.0,0.0,126357.0,0.50457224547168,0.0,0.0,0.0,1.0,0.49542775452832,0.12268371122055019,0.12268371122055019,0.8773162887794498
0.8,0.3,0.9,0.75,0.05,0.0,0.0,124067.0,0.49542775452832,0.0,0.0,126357.0,0.50457224547168,0.0,0.0,0.0,1.0,0.49542775452832,0.12268371122055019,0.12268371122055019,0.8773162887794498
0.8,0.4,0.5,0.25,0.05,0.0,0.0,124067.0,0.49542775452832,4531.0,0.018093313739897133,121826.0,0.4864789317317829,0.0,0.0,0.0,1.0,0.49542775452832,0.12268371122055019,0.12268371122055019,0.8773162887794498
0.8,0.4,0.5,0.5,0.05,0.0,0.0,124067.0,0.49542775452832,4531.0,0.018093313739897133,121826.0,0.4864789317317829,0.0,0.0,0.0,1.0,0.49542775452832,0.12268371122055019,0.12268371122055019,0.8773162887794498
0.8,0.4,0.5,0.75,0.05,0.0,0.0,124067.0,0.49542775452832,4531.0,0.018093313739897133,121826.0,0.4864789317317829,0.0,0.0,0.0,1.0,0.49542775452832,0.12268371122055019,0.12268371122055019,0.8773162887794498
0.8,0.4,0.6,0.25,0.05,0.0,0.0,124067.0,0.49542775452832,1092.0,0.004360604414912309,125265.0,0.5002116410567677,0.0,0.0,0.0,1.0,0.49542775452832,0.12268371122055019,0.12268371122055019,0.8773162887794498
0.8,0.4,0.6,0.5,0.05,0.0,0.0,124067.0,0.49542775452832,1092.0,0.004360604414912309,125265.0,0.5002116410567677,0.0,0.0,0.0,1.0,0.49542775452832,0.12268371122055019,0.12268371122055019,0.8773162887794498
0.8,0.4,0.6,0.75,0.05,0.0,0.0,124067.0,0.49542775452832,1092.0,0.004360604414912309,125265.0,0.5002116410567677,0.0,0.0,0.0,1.0,0.49542775452832,0.12268371122055019,0.12268371122055019,0.8773162887794498
0.8,0.4,0.7,0.25,0.05,0.0,0.0,124067.0,0.49542775452832,0.0,0.0,126357.0,0.50457224547168,0.0,0.0,0.0,1.0,0.49542775452832,0.12268371122055019,0.12268371122055019,0.8773162887794498
0.8,0.4,0.7,0.5,0.05,0.0,0.0,124067.0,0.49542775452832,0.0,0.0,126357.0,0.50457224547168,0.0,0.0,0.0,1.0,0.49542775452832,0.12268371122055019,0.12268371122055019,0.8773162887794498
0.8,0.4,0.7,0.75,0.05,0.0,0.0,124067.0,0.49542775452832,0.0,0.0,126357.0,0.50457224547168,0.0,0.0,0.0,1.0,0.49542775452832,0.12268371122055019,0.12268371122055019,0.8773162887794498
0.8,0.4,0.8,0.25,0.05,0.0,0.0,124067.0,0.49542775452832,0.0,0.0,126357.0,0.50457224547168,0.0,0.0,0.0,1.0,0.49542775452832,0.12268371122055019,0.12268371122055019,0.8773162887794498
0.8,0.4,0.8,0.5,0.05,0.0,0.0,124067.0,0.49542775452832,0.0,0.0,126357.0,0.50457224547168,0.0,0.0,0.0,1.0,0.49542775452832,0.12268371122055019,0.12268371122055019,0.8773162887794498
0.8,0.4,0.8,0.75,0.05,0.0,0.0,124067.0,0.49542775452832,0.0,0.0,126357.0,0.50457224547168,0.0,0.0,0.0,1.0,0.49542775452832,0.12268371122055019,0.12268371122055019,0.8773162887794498
0.8,0.4,0.9,0.25,0.05,0.0,0.0,124067.0,0.49542775452832,0.0,0.0,126357.0,0.50457224547168,0.0,0.0,0.0,1.0,0.49542775452832,0.12268371122055019,0.12268371122055019,0.8773162887794498
0.8,0.4,0.9,0.5,0.05,0.0,0.0,124067.0,0.49542775452832,0.0,0.0,126357.0,0.50457224547168,0.0,0.0,0.0,1.0,0.49542775452832,0.12268371122055019,0.12268371122055019,0.8773162887794498
0.8,0.4,0.9,0.75,0.05,0.0,0.0,124067.0,0.49542775452832,0.0,0.0,126357.0,0.50457224547168,0.0,0.0,0.0,1.0,0.49542775452832,0.12268371122055019,0.12268371122055019,0.8773162887794498
0.8,0.5,0.5,0.25,0.05,0.0,0.0,124067.0,0.49542775452832,4531.0,0.018093313739897133,121826.0,0.4864789317317829,0.0,0.0,0.0,1.0,0.49542775452832,0.12268371122055019,0.12268371122055019,0.8773162887794498
0.8,0.5,0.5,0.5,0.05,0.0,0.0,124067.0,0.49542775452832,4531.0,0.018093313739897133,121826.0,0.4864789317317829,0.0,0.0,0.0,1.0,0.49542775452832,0.12268371122055019,0.12268371122055019,0.8773162887794498
0.8,0.5,0.5,0.75,0.05,0.0,0.0,124067.0,0.49542775452832,4531.0,0.018093313739897133,121826.0,0.4864789317317829,0.0,0.0,0.0,1.0,0.49542775452832,0.12268371122055019,0.12268371122055019,0.8773162887794498
0.8,0.5,0.6,0.25,0.05,0.0,0.0,124067.0,0.49542775452832,1092.0,0.004360604414912309,125265.0,0.5002116410567677,0.0,0.0,0.0,1.0,0.49542775452832,0.12268371122055019,0.12268371122055019,0.8773162887794498
0.8,0.5,0.6,0.5,0.05,0.0,0.0,124067.0,0.49542775452832,1092.0,0.004360604414912309,125265.0,0.5002116410567677,0.0,0.0,0.0,1.0,0.49542775452832,0.12268371122055019,0.12268371122055019,0.8773162887794498
0.8,0.5,0.6,0.75,0.05,0.0,0.0,124067.0,0.49542775452832,1092.0,0.004360604414912309,125265.0,0.5002116410567677,0.0,0.0,0.0,1.0,0.49542775452832,0.12268371122055019,0.12268371122055019,0.8773162887794498
0.8,0.5,0.7,0.25,0.05,0.0,0.0,124067.0,0.49542775452832,0.0,0.0,126357.0,0.50457224547168,0.0,0.0,0.0,1.0,0.49542775452832,0.12268371122055019,0.12268371122055019,0.8773162887794498
0.8,0.5,0.7,0.5,0.05,0.0,0.0,124067.0,0.49542775452832,0.0,0.0,126357.0,0.50457224547168,0.0,0.0,0.0,1.0,0.49542775452832,0.12268371122055019,0.12268371122055019,0.8773162887794498
0.8,0.5,0.7,0.75,0.05,0.0,0.0,124067.0,0.49542775452832,0.0,0.0,126357.0,0.50457224547168,0.0,0.0,0.0,1.0,0.49542775452832,0.12268371122055019,0.12268371122055019,0.8773162887794498
0.8,0.5,0.8,0.25,0.05,0.0,0.0,124067.0,0.49542775452832,0.0,0.0,126357.0,0.50457224547168,0.0,0.0,0.0,1.0,0.49542775452832,0.12268371122055019,0.12268371122055019,0.8773162887794498
0.8,0.5,0.8,0.5,0.05,0.0,0.0,124067.0,0.49542775452832,0.0,0.0,126357.0,0.50457224547168,0.0,0.0,0.0,1.0,0.49542775452832,0.12268371122055019,0.12268371122055019,0.8773162887794498
0.8,0.5,0.8,0.75,0.05,0.0,0.0,124067.0,0.49542775452832,0.0,0.0,126357.0,0.50457224547168,0.0,0.0,0.0,1.0,0.49542775452832,0.12268371122055019,0.12268371122055019,0.8773162887794498
0.8,0.5,0.9,0.25,0.05,0.0,0.0,124067.0,0.49542775452832,0.0,0.0,126357.0,0.50457224547168,0.0,0.0,0.0,1.0,0.49542775452832,0.12268371122055019,0.12268371122055019,0.8773162887794498
0.8,0.5,0.9,0.5,0.05,0.0,0.0,124067.0,0.49542775452832,0.0,0.0,126357.0,0.50457224547168,0.0,0.0,0.0,1.0,0.49542775452832,0.12268371122055019,0.12268371122055019,0.8773162887794498
0.8,0.5,0.9,0.75,0.05,0.0,0.0,124067.0,0.49542775452832,0.0,0.0,126357.0,0.50457224547168,0.0,0.0,0.0,1.0,0.49542775452832,0.12268371122055019,0.12268371122055019,0.8773162887794498
0.8,0.6,0.5,0.25,0.05,0.0,0.0,124067.0,0.49542775452832,4531.0,0.018093313739897133,121826.0,0.4864789317317829,0.0,0.0,0.0,1.0,0.49542775452832,0.12268371122055019,0.12268371122055019,0.8773162887794498
0.8,0.6,0.5,0.5,0.05,0.0,0.0,124067.0,0.49542775452832,4531.0,0.018093313739897133,121826.0,0.4864789317317829,0.0,0.0,0.0,1.0,0.49542775452832,0.12268371122055019,0.12268371122055019,0.8773162887794498
0.8,0.6,0.5,0.75,0.05,0.0,0.0,124067.0,0.49542775452832,4531.0,0.018093313739897133,121826.0,0.4864789317317829,0.0,0.0,0.0,1.0,0.49542775452832,0.12268371122055019,0.12268371122055019,0.8773162887794498
0.8,0.6,0.6,0.25,0.05,0.0,0.0,124067.0,0.49542775452832,1092.0,0.004360604414912309,125265.0,0.5002116410567677,0.0,0.0,0.0,1.0,0.49542775452832,0.12268371122055019,0.12268371122055019,0.8773162887794498
0.8,0.6,0.6,0.5,0.05,0.0,0.0,124067.0,0.49542775452832,1092.0,0.004360604414912309,125265.0,0.5002116410567677,0.0,0.0,0.0,1.0,0.49542775452832,0.12268371122055019,0.12268371122055019,0.8773162887794498
0.8,0.6,0.6,0.75,0.05,0.0,0.0,124067.0,0.49542775452832,1092.0,0.004360604414912309,125265.0,0.5002116410567677,0.0,0.0,0.0,1.0,0.49542775452832,0.12268371122055019,0.12268371122055019,0.8773162887794498
0.8,0.6,0.7,0.25,0.05,0.0,0.0,124067.0,0.49542775452832,0.0,0.0,126357.0,0.50457224547168,0.0,0.0,0.0,1.0,0.49542775452832,0.12268371122055019,0.12268371122055019,0.8773162887794498
0.8,0.6,0.7,0.5,0.05,0.0,0.0,124067.0,0.49542775452832,0.0,0.0,126357.0,0.50457224547168,0.0,0.0,0.0,1.0,0.49542775452832,0.12268371122055019,0.12268371122055019,0.8773162887794498
0.8,0.6,0.7,0.75,0.05,0.0,0.0,124067.0,0.49542775452832,0.0,0.0,126357.0,0.50457224547168,0.0,0.0,0.0,1.0,0.49542775452832,0.12268371122055019,0.12268371122055019,0.8773162887794498
0.8,0.6,0.8,0.25,0.05,0.0,0.0,124067.0,0.49542775452832,0.0,0.0,126357.0,0.50457224547168,0.0,0.0,0.0,1.0,0.49542775452832,0.12268371122055019,0.12268371122055019,0.8773162887794498
0.8,0.6,0.8,0.5,0.05,0.0,0.0,124067.0,0.49542775452832,0.0,0.0,126357.0,0.50457224547168,0.0,0.0,0.0,1.0,0.49542775452832,0.12268371122055019,0.12268371122055019,0.8773162887794498
0.8,0.6,0.8,0.75,0.05,0.0,0.0,124067.0,0.49542775452832,0.0,0.0,126357.0,0.50457224547168,0.0,0.0,0.0,1.0,0.49542775452832,0.12268371122055019,0.12268371122055019,0.8773162887794498
0.8,0.6,0.9,0.25,0.05,0.0,0.0,124067.0,0.49542775452832,0.0,0.0,126357.0,0.50457224547168,0.0,0.0,0.0,1.0,0.49542775452832,0.12268371122055019,0.12268371122055019,0.8773162887794498
0.8,0.6,0.9,0.5,0.05,0.0,0.0,124067.0,0.49542775452832,0.0,0.0,126357.0,0.50457224547168,0.0,0.0,0.0,1.0,0.49542775452832,0.12268371122055019,0.12268371122055019,0.8773162887794498
0.8,0.6,0.9,0.75,0.05,0.0,0.0,124067.0,0.49542775452832,0.0,0.0,126357.0,0.50457224547168,0.0,0.0,0.0,1.0,0.49542775452832,0.12268371122055019,0.12268371122055019,0.8773162887794498
0.8,0.7,0.5,0.25,0.05,0.0,0.0,124067.0,0.49542775452832,4531.0,0.018093313739897133,121826.0,0.4864789317317829,0.0,0.0,0.0,1.0,0.49542775452832,0.12268371122055019,0.12268371122055019,0.8773162887794498
0.8,0.7,0.5,0.5,0.05,0.0,0.0,124067.0,0.49542775452832,4531.0,0.018093313739897133,121826.0,0.4864789317317829,0.0,0.0,0.0,1.0,0.49542775452832,0.12268371122055019,0.12268371122055019,0.8773162887794498
0.8,0.7,0.5,0.75,0.05,0.0,0.0,124067.0,0.49542775452832,4531.0,0.018093313739897133,121826.0,0.4864789317317829,0.0,0.0,0.0,1.0,0.49542775452832,0.12268371122055019,0.12268371122055019,0.8773162887794498
0.8,0.7,0.6,0.25,0.05,0.0,0.0,124067.0,0.49542775452832,1092.0,0.004360604414912309,125265.0,0.5002116410567677,0.0,0.0,0.0,1.0,0.49542775452832,0.12268371122055019,0.12268371122055019,0.8773162887794498
0.8,0.7,0.6,0.5,0.05,0.0,0.0,124067.0,0.49542775452832,1092.0,0.004360604414912309,125265.0,0.5002116410567677,0.0,0.0,0.0,1.0,0.49542775452832,0.12268371122055019,0.12268371122055019,0.8773162887794498
0.8,0.7,0.6,0.75,0.05,0.0,0.0,124067.0,0.49542775452832,1092.0,0.004360604414912309,125265.0,0.5002116410567677,0.0,0.0,0.0,1.0,0.49542775452832,0.12268371122055019,0.12268371122055019,0.8773162887794498
0.8,0.7,0.7,0.25,0.05,0.0,0.0,124067.0,0.49542775452832,0.0,0.0,126357.0,0.50457224547168,0.0,0.0,0.0,1.0,0.49542775452832,0.12268371122055019,0.12268371122055019,0.8773162887794498
0.8,0.7,0.7,0.5,0.05,0.0,0.0,124067.0,0.49542775452832,0.0,0.0,126357.0,0.50457224547168,0.0,0.0,0.0,1.0,0.49542775452832,0.12268371122055019,0.12268371122055019,0.8773162887794498
0.8,0.7,0.7,0.75,0.05,0.0,0.0,124067.0,0.49542775452832,0.0,0.0,126357.0,0.50457224547168,0.0,0.0,0.0,1.0,0.49542775452832,0.12268371122055019,0.12268371122055019,0.8773162887794498
0.8,0.7,0.8,0.25,0.05,0.0,0.0,124067.0,0.49542775452832,0.0,0.0,126357.0,0.50457224547168,0.0,0.0,0.0,1.0,0.49542775452832,0.12268371122055019,0.12268371122055019,0.8773162887794498
0.8,0.7,0.8,0.5,0.05,0.0,0.0,124067.0,0.49542775452832,0.0,0.0,126357.0,0.50457224547168,0.0,0.0,0.0,1.0,0.49542775452832,0.12268371122055019,0.12268371122055019,0.8773162887794498
0.8,0.7,0.8,0.75,0.05,0.0,0.0,124067.0,0.49542775452832,0.0,0.0,126357.0,0.50457224547168,0.0,0.0,0.0,1.0,0.49542775452832,0.12268371122055019,0.12268371122055019,0.8773162887794498
0.8,0.7,0.9,0.25,0.05,0.0,0.0,124067.0,0.49542775452832,0.0,0.0,126357.0,0.50457224547168,0.0,0.0,0.0,1.0,0.49542775452832,0.12268371122055019,0.12268371122055019,0.8773162887794498
0.8,0.7,0.9,0.5,0.05,0.0,0.0,124067.0,0.49542775452832,0.0,0.0,126357.0,0.50457224547168,0.0,0.0,0.0,1.0,0.49542775452832,0.12268371122055019,0.12268371122055019,0.8773162887794498
0.8,0.7,0.9,0.75,0.05,0.0,0.0,124067.0,0.49542775452832,0.0,0.0,126357.0,0.50457224547168,0.0,0.0,0.0,1.0,0.49542775452832,0.12268371122055019,0.12268371122055019,0.8773162887794498
0.9,0.3,0.5,0.25,0.05,0.0,0.0,105728.0,0.422195955659202,9548.0,0.03812733603807942,135148.0,0.5396767083027186,0.0,0.0,0.0,1.0,0.422195955659202,0.1289535411622276,0.1289535411622276,0.8710464588377724
0.9,0.3,0.5,0.5,0.05,0.0,0.0,105728.0,0.422195955659202,9548.0,0.03812733603807942,135148.0,0.5396767083027186,0.0,0.0,0.0,1.0,0.422195955659202,0.1289535411622276,0.1289535411622276,0.8710464588377724
0.9,0.3,0.5,0.75,0.05,0.0,0.0,105728.0,0.422195955659202,9548.0,0.03812733603807942,135148.0,0.5396767083027186,0.0,0.0,0.0,1.0,0.422195955659202,0.1289535411622276,0.1289535411622276,0.8710464588377724
0.9,0.3,0.6,0.25,0.05,0.0,0.0,105728.0,0.422195955659202,3998.0,0.015964923489761366,140698.0,0.5618391208510366,0.0,0.0,0.0,1.0,0.422195955659202,0.1289535411622276,0.1289535411622276,0.8710464588377724
0.9,0.3,0.6,0.5,0.05,0.0,0.0,105728.0,0.422195955659202,3998.0,0.015964923489761366,140698.0,0.5618391208510366,0.0,0.0,0.0,1.0,0.422195955659202,0.1289535411622276,0.1289535411622276,0.8710464588377724
0.9,0.3,0.6,0.75,0.05,0.0,0.0,105728.0,0.422195955659202,3998.0,0.015964923489761366,140698.0,0.5618391208510366,0.0,0.0,0.0,1.0,0.422195955659202,0.1289535411622276,0.1289535411622276,0.8710464588377724
0.9,0.3,0.7,0.25,0.05,0.0,0.0,105728.0,0.422195955659202,155.0,0.0006189502603584321,144541.0,0.5771850940804396,0.0,0.0,0.0,1.0,0.422195955659202,0.1289535411622276,0.1289535411622276,0.8710464588377724
0.9,0.3,0.7,0.5,0.05,0.0,0.0,105728.0,0.422195955659202,155.0,0.0006189502603584321,144541.0,0.5771850940804396,0.0,0.0,0.0,1.0,0.422195955659202,0.1289535411622276,0.1289535411622276,0.8710464588377724
0.9,0.3,0.7,0.75,0.05,0.0,0.0,105728.0,0.422195955659202,155.0,0.0006189502603584321,144541.0,0.5771850940804396,0.0,0.0,0.0,1.0,0.422195955659202,0.1289535411622276,0.1289535411622276,0.8710464588377724
0.9,0.3,0.8,0.25,0.05,0.0,0.0,105728.0,0.422195955659202,0.0,0.0,144696.0,0.577804044340798,0.0,0.0,0.0,1.0,0.422195955659202,0.1289535411622276,0.1289535411622276,0.8710464588377724
0.9,0.3,0.8,0.5,0.05,0.0,0.0,105728.0,0.422195955659202,0.0,0.0,144696.0,0.577804044340798,0.0,0.0,0.0,1.0,0.422195955659202,0.1289535411622276,0.1289535411622276,0.8710464588377724
0.9,0.3,0.8,0.75,0.05,0.0,0.0,105728.0,0.422195955659202,0.0,0.0,144696.0,0.577804044340798,0.0,0.0,0.0,1.0,0.422195955659202,0.1289535411622276,0.1289535411622276,0.8710464588377724
0.9,0.3,0.9,0.25,0.05,0.0,0.0,105728.0,0.422195955659202,0.0,0.0,144696.0,0.577804044340798,0.0,0.0,0.0,1.0,0.422195955659202,0.1289535411622276,0.1289535411622276,0.8710464588377724
0.9,0.3,0.9,0.5,0.05,0.0,0.0,105728.0,0.422195955659202,0.0,0.0,144696.0,0.577804044340798,0.0,0.0,0.0,1.0,0.422195955659202,0.1289535411622276,0.1289535411622276,0.8710464588377724
0.9,0.3,0.9,0.75,0.05,0.0,0.0,105728.0,0.422195955659202,0.0,0.0,144696.0,0.577804044340798,0.0,0.0,0.0,1.0,0.422195955659202,0.1289535411622276,0.1289535411622276,0.8710464588377724
0.9,0.4,0.5,0.25,0.05,0.0,0.0,105728.0,0.422195955659202,9548.0,0.03812733603807942,135148.0,0.5396767083027186,0.0,0.0,0.0,1.0,0.422195955659202,0.1289535411622276,0.1289535411622276,0.8710464588377724
0.9,0.4,0.5,0.5,0.05,0.0,0.0,105728.0,0.422195955659202,9548.0,0.03812733603807942,135148.0,0.5396767083027186,0.0,0.0,0.0,1.0,0.422195955659202,0.1289535411622276,0.1289535411622276,0.8710464588377724
0.9,0.4,0.5,0.75,0.05,0.0,0.0,105728.0,0.422195955659202,9548.0,0.03812733603807942,135148.0,0.5396767083027186,0.0,0.0,0.0,1.0,0.422195955659202,0.1289535411622276,0.1289535411622276,0.8710464588377724
0.9,0.4,0.6,0.25,0.05,0.0,0.0,105728.0,0.422195955659202,3998.0,0.015964923489761366,140698.0,0.5618391208510366,0.0,0.0,0.0,1.0,0.422195955659202,0.1289535411622276,0.1289535411622276,0.8710464588377724
0.9,0.4,0.6,0.5,0.05,0.0,0.0,105728.0,0.422195955659202,3998.0,0.015964923489761366,140698.0,0.5618391208510366,0.0,0.0,0.0,1.0,0.422195955659202,0.1289535411622276,0.1289535411622276,0.8710464588377724
0.9,0.4,0.6,0.75,0.05,0.0,0.0,105728.0,0.422195955659202,3998.0,0.015964923489761366,140698.0,0.5618391208510366,0.0,0.0,0.0,1.0,0.422195955659202,0.1289535411622276,0.1289535411622276,0.8710464588377724
0.9,0.4,0.7,0.25,0.05,0.0,0.0,105728.0,0.422195955659202,155.0,0.0006189502603584321,144541.0,0.5771850940804396,0.0,0.0,0.0,1.0,0.422195955659202,0.1289535411622276,0.1289535411622276,0.8710464588377724
0.9,0.4,0.7,0.5,0.05,0.0,0.0,105728.0,0.422195955659202,155.0,0.0006189502603584321,144541.0,0.5771850940804396,0.0,0.0,0.0,1.0,0.422195955659202,0.1289535411622276,0.1289535411622276,0.8710464588377724
0.9,0.4,0.7,0.75,0.05,0.0,0.0,105728.0,0.422195955659202,155.0,0.0006189502603584321,144541.0,0.5771850940804396,0.0,0.0,0.0,1.0,0.422195955659202,0.1289535411622276,0.1289535411622276,0.8710464588377724
0.9,0.4,0.8,0.25,0.05,0.0,0.0,105728.0,0.422195955659202,0.0,0.0,144696.0,0.577804044340798,0.0,0.0,0.0,1.0,0.422195955659202,0.1289535411622276,0.1289535411622276,0.8710464588377724
0.9,0.4,0.8,0.5,0.05,0.0,0.0,105728.0,0.422195955659202,0.0,0.0,144696.0,0.577804044340798,0.0,0.0,0.0,1.0,0.422195955659202,0.1289535411622276,0.1289535411622276,0.8710464588377724
0.9,0.4,0.8,0.75,0.05,0.0,0.0,105728.0,0.422195955659202,0.0,0.0,144696.0,0.577804044340798,0.0,0.0,0.0,1.0,0.422195955659202,0.1289535411622276,0.1289535411622276,0.8710464588377724
0.9,0.4,0.9,0.25,0.05,0.0,0.0,105728.0,0.422195955659202,0.0,0.0,144696.0,0.577804044340798,0.0,0.0,0.0,1.0,0.422195955659202,0.1289535411622276,0.1289535411622276,0.8710464588377724
0.9,0.4,0.9,0.5,0.05,0.0,0.0,105728.0,0.422195955659202,0.0,0.0,144696.0,0.577804044340798,0.0,0.0,0.0,1.0,0.422195955659202,0.1289535411622276,0.1289535411622276,0.8710464588377724
0.9,0.4,0.9,0.75,0.05,0.0,0.0,105728.0,0.422195955659202,0.0,0.0,144696.0,0.577804044340798,0.0,0.0,0.0,1.0,0.422195955659202,0.1289535411622276,0.1289535411622276,0.8710464588377724
0.9,0.5,0.5,0.25,0.05,0.0,0.0,105728.0,0.422195955659202,9548.0,0.03812733603807942,135148.0,0.5396767083027186,0.0,0.0,0.0,1.0,0.422195955659202,0.1289535411622276,0.1289535411622276,0.8710464588377724
0.9,0.5,0.5,0.5,0.05,0.0,0.0,105728.0,0.422195955659202,9548.0,0.03812733603807942,135148.0,0.5396767083027186,0.0,0.0,0.0,1.0,0.422195955659202,0.1289535411622276,0.1289535411622276,0.8710464588377724
0.9,0.5,0.5,0.75,0.05,0.0,0.0,105728.0,0.422195955659202,9548.0,0.03812733603807942,135148.0,0.5396767083027186,0.0,0.0,0.0,1.0,0.422195955659202,0.1289535411622276,0.1289535411622276,0.8710464588377724
0.9,0.5,0.6,0.25,0.05,0.0,0.0,105728.0,0.422195955659202,3998.0,0.015964923489761366,140698.0,0.5618391208510366,0.0,0.0,0.0,1.0,0.422195955659202,0.1289535411622276,0.1289535411622276,0.8710464588377724
0.9,0.5,0.6,0.5,0.05,0.0,0.0,105728.0,0.422195955659202,3998.0,0.015964923489761366,140698.0,0.5618391208510366,0.0,0.0,0.0,1.0,0.422195955659202,0.1289535411622276,0.1289535411622276,0.8710464588377724
0.9,0.5,0.6,0.75,0.05,0.0,0.0,105728.0,0.422195955659202,3998.0,0.015964923489761366,140698.0,0.5618391208510366,0.0,0.0,0.0,1.0,0.422195955659202,0.1289535411622276,0.1289535411622276,0.8710464588377724
0.9,0.5,0.7,0.25,0.05,0.0,0.0,105728.0,0.422195955659202,155.0,0.0006189502603584321,144541.0,0.5771850940804396,0.0,0.0,0.0,1.0,0.422195955659202,0.1289535411622276,0.1289535411622276,0.8710464588377724
0.9,0.5,0.7,0.5,0.05,0.0,0.0,105728.0,0.422195955659202,155.0,0.0006189502603584321,144541.0,0.5771850940804396,0.0,0.0,0.0,1.0,0.422195955659202,0.1289535411622276,0.1289535411622276,0.8710464588377724
0.9,0.5,0.7,0.75,0.05,0.0,0.0,105728.0,0.422195955659202,155.0,0.0006189502603584321,144541.0,0.5771850940804396,0.0,0.0,0.0,1.0,0.422195955659202,0.1289535411622276,0.1289535411622276,0.8710464588377724
0.9,0.5,0.8,0.25,0.05,0.0,0.0,105728.0,0.422195955659202,0.0,0.0,144696.0,0.577804044340798,0.0,0.0,0.0,1.0,0.422195955659202,0.1289535411622276,0.1289535411622276,0.8710464588377724
0.9,0.5,0.8,0.5,0.05,0.0,0.0,105728.0,0.422195955659202,0.0,0.0,144696.0,0.577804044340798,0.0,0.0,0.0,1.0,0.422195955659202,0.1289535411622276,0.1289535411622276,0.8710464588377724
0.9,0.5,0.8,0.75,0.05,0.0,0.0,105728.0,0.422195955659202,0.0,0.0,144696.0,0.577804044340798,0.0,0.0,0.0,1.0,0.422195955659202,0.1289535411622276,0.1289535411622276,0.8710464588377724
0.9,0.5,0.9,0.25,0.05,0.0,0.0,105728.0,0.422195955659202,0.0,0.0,144696.0,0.577804044340798,0.0,0.0,0.0,1.0,0.422195955659202,0.1289535411622276,0.1289535411622276,0.8710464588377724
0.9,0.5,0.9,0.5,0.05,0.0,0.0,105728.0,0.422195955659202,0.0,0.0,144696.0,0.577804044340798,0.0,0.0,0.0,1.0,0.422195955659202,0.1289535411622276,0.1289535411622276,0.8710464588377724
0.9,0.5,0.9,0.75,0.05,0.0,0.0,105728.0,0.422195955659202,0.0,0.0,144696.0,0.577804044340798,0.0,0.0,0.0,1.0,0.422195955659202,0.1289535411622276,0.1289535411622276,0.8710464588377724
0.9,0.6,0.5,0.25,0.05,0.0,0.0,105728.0,0.422195955659202,9548.0,0.03812733603807942,135148.0,0.5396767083027186,0.0,0.0,0.0,1.0,0.422195955659202,0.1289535411622276,0.1289535411622276,0.8710464588377724
0.9,0.6,0.5,0.5,0.05,0.0,0.0,105728.0,0.422195955659202,9548.0,0.03812733603807942,135148.0,0.5396767083027186,0.0,0.0,0.0,1.0,0.422195955659202,0.1289535411622276,0.1289535411622276,0.8710464588377724
0.9,0.6,0.5,0.75,0.05,0.0,0.0,105728.0,0.422195955659202,9548.0,0.03812733603807942,135148.0,0.5396767083027186,0.0,0.0,0.0,1.0,0.422195955659202,0.1289535411622276,0.1289535411622276,0.8710464588377724
0.9,0.6,0.6,0.25,0.05,0.0,0.0,105728.0,0.422195955659202,3998.0,0.015964923489761366,140698.0,0.5618391208510366,0.0,0.0,0.0,1.0,0.422195955659202,0.1289535411622276,0.1289535411622276,0.8710464588377724
0.9,0.6,0.6,0.5,0.05,0.0,0.0,105728.0,0.422195955659202,3998.0,0.015964923489761366,140698.0,0.5618391208510366,0.0,0.0,0.0,1.0,0.422195955659202,0.1289535411622276,0.1289535411622276,0.8710464588377724
0.9,0.6,0.6,0.75,0.05,0.0,0.0,105728.0,0.422195955659202,3998.0,0.015964923489761366,140698.0,0.5618391208510366,0.0,0.0,0.0,1.0,0.422195955659202,0.1289535411622276,0.1289535411622276,0.8710464588377724
0.9,0.6,0.7,0.25,0.05,0.0,0.0,105728.0,0.422195955659202,155.0,0.0006189502603584321,144541.0,0.5771850940804396,0.0,0.0,0.0,1.0,0.422195955659202,0.1289535411622276,0.1289535411622276,0.8710464588377724
0.9,0.6,0.7,0.5,0.05,0.0,0.0,105728.0,0.422195955659202,155.0,0.0006189502603584321,144541.0,0.5771850940804396,0.0,0.0,0.0,1.0,0.422195955659202,0.1289535411622276,0.1289535411622276,0.8710464588377724
0.9,0.6,0.7,0.75,0.05,0.0,0.0,105728.0,0.422195955659202,155.0,0.0006189502603584321,144541.0,0.5771850940804396,0.0,0.0,0.0,1.0,0.422195955659202,0.1289535411622276,0.1289535411622276,0.8710464588377724
0.9,0.6,0.8,0.25,0.05,0.0,0.0,105728.0,0.422195955659202,0.0,0.0,144696.0,0.577804044340798,0.0,0.0,0.0,1.0,0.422195955659202,0.1289535411622276,0.1289535411622276,0.8710464588377724
0.9,0.6,0.8,0.5,0.05,0.0,0.0,105728.0,0.422195955659202,0.0,0.0,144696.0,0.577804044340798,0.0,0.0,0.0,1.0,0.422195955659202,0.1289535411622276,0.1289535411622276,0.8710464588377724
0.9,0.6,0.8,0.75,0.05,0.0,0.0,105728.0,0.422195955659202,0.0,0.0,144696.0,0.577804044340798,0.0,0.0,0.0,1.0,0.422195955659202,0.1289535411622276,0.1289535411622276,0.8710464588377724
0.9,0.6,0.9,0.25,0.05,0.0,0.0,105728.0,0.422195955659202,0.0,0.0,144696.0,0.577804044340798,0.0,0.0,0.0,1.0,0.422195955659202,0.1289535411622276,0.1289535411622276,0.8710464588377724
0.9,0.6,0.9,0.5,0.05,0.0,0.0,105728.0,0.422195955659202,0.0,0.0,144696.0,0.577804044340798,0.0,0.0,0.0,1.0,0.422195955659202,0.1289535411622276,0.1289535411622276,0.8710464588377724
0.9,0.6,0.9,0.75,0.05,0.0,0.0,105728.0,0.422195955659202,0.0,0.0,144696.0,0.577804044340798,0.0,0.0,0.0,1.0,0.422195955659202,0.1289535411622276,0.1289535411622276,0.8710464588377724
0.9,0.7,0.5,0.25,0.05,0.0,0.0,105728.0,0.422195955659202,9548.0,0.03812733603807942,135148.0,0.5396767083027186,0.0,0.0,0.0,1.0,0.422195955659202,0.1289535411622276,0.1289535411622276,0.8710464588377724
0.9,0.7,0.5,0.5,0.05,0.0,0.0,105728.0,0.422195955659202,9548.0,0.03812733603807942,135148.0,0.5396767083027186,0.0,0.0,0.0,1.0,0.422195955659202,0.1289535411622276,0.1289535411622276,0.8710464588377724
0.9,0.7,0.5,0.75,0.05,0.0,0.0,105728.0,0.422195955659202,9548.0,0.03812733603807942,135148.0,0.5396767083027186,0.0,0.0,0.0,1.0,0.422195955659202,0.1289535411622276,0.1289535411622276,0.8710464588377724
0.9,0.7,0.6,0.25,0.05,0.0,0.0,105728.0,0.422195955659202,3998.0,0.015964923489761366,140698.0,0.5618391208510366,0.0,0.0,0.0,1.0,0.422195955659202,0.1289535411622276,0.1289535411622276,0.8710464588377724
0.9,0.7,0.6,0.5,0.05,0.0,0.0,105728.0,0.422195955659202,3998.0,0.015964923489761366,140698.0,0.5618391208510366,0.0,0.0,0.0,1.0,0.422195955659202,0.1289535411622276,0.1289535411622276,0.8710464588377724
0.9,0.7,0.6,0.75,0.05,0.0,0.0,105728.0,0.422195955659202,3998.0,0.015964923489761366,140698.0,0.5618391208510366,0.0,0.0,0.0,1.0,0.422195955659202,0.1289535411622276,0.1289535411622276,0.8710464588377724
0.9,0.7,0.7,0.25,0.05,0.0,0.0,105728.0,0.422195955659202,155.0,0.0006189502603584321,144541.0,0.5771850940804396,0.0,0.0,0.0,1.0,0.422195955659202,0.1289535411622276,0.1289535411622276,0.8710464588377724
0.9,0.7,0.7,0.5,0.05,0.0,0.0,105728.0,0.422195955659202,155.0,0.0006189502603584321,144541.0,0.5771850940804396,0.0,0.0,0.0,1.0,0.422195955659202,0.1289535411622276,0.1289535411622276,0.8710464588377724
0.9,0.7,0.7,0.75,0.05,0.0,0.0,105728.0,0.422195955659202,155.0,0.0006189502603584321,144541.0,0.5771850940804396,0.0,0.0,0.0,1.0,0.422195955659202,0.1289535411622276,0.1289535411622276,0.8710464588377724
0.9,0.7,0.8,0.25,0.05,0.0,0.0,105728.0,0.422195955659202,0.0,0.0,144696.0,0.577804044340798,0.0,0.0,0.0,1.0,0.422195955659202,0.1289535411622276,0.1289535411622276,0.8710464588377724
0.9,0.7,0.8,0.5,0.05,0.0,0.0,105728.0,0.422195955659202,0.0,0.0,144696.0,0.577804044340798,0.0,0.0,0.0,1.0,0.422195955659202,0.1289535411622276,0.1289535411622276,0.8710464588377724
0.9,0.7,0.8,0.75,0.05,0.0,0.0,105728.0,0.422195955659202,0.0,0.0,144696.0,0.577804044340798,0.0,0.0,0.0,1.0,0.422195955659202,0.1289535411622276,0.1289535411622276,0.8710464588377724
0.9,0.7,0.9,0.25,0.05,0.0,0.0,105728.0,0.422195955659202,0.0,0.0,144696.0,0.577804044340798,0.0,0.0,0.0,1.0,0.422195955659202,0.1289535411622276,0.1289535411622276,0.8710464588377724
0.9,0.7,0.9,0.5,0.05,0.0,0.0,105728.0,0.422195955659202,0.0,0.0,144696.0,0.577804044340798,0.0,0.0,0.0,1.0,0.422195955659202,0.1289535411622276,0.1289535411622276,0.8710464588377724
0.9,0.7,0.9,0.75,0.05,0.0,0.0,105728.0,0.422195955659202,0.0,0.0,144696.0,0.577804044340798,0.0,0.0,0.0,1.0,0.422195955659202,0.1289535411622276,0.1289535411622276,0.8710464588377724
