ticker,pooled,single
1101,0.6467979737493729,0.6575846833578793
1216,0.5569921327072025,0.5954137952064402
1301,0.7715814658354752,0.659015337814958
1303,0.773573457624314,0.7511479908436526
1326,0.7694392453395223,0.7437598263083027
2002,0.7720148371729367,0.73294906994927
2207,0.6106510933113555,0.5700672212635537
2301,0.7701015905310477,0.6997924198891989
2303,0.6491322539116657,0.6435762857331484
2308,0.633031861810621,0.5551805391485878
2317,0.664285040113261,0.5764857637250275
2327,0.656774083840164,0.627892467989064
2330,0.6547403619197483,0.6253983084185681
2345,0.5347761430153457,0.5347909086115067
2357,0.5847329295154186,0.5171475770925109
2376,0.6251082383241378,0.5922301535318999
2379,0.6162054552111301,0.5612414571637784
2382,0.6645705537500131,0.5657728360486137
2395,0.5932584560944154,0.549631554728867
2408,0.6258555378708817,0.6266563603010379
2454,0.6004240959864667,0.5613430889211578
2603,0.6732949271326465,0.6162701313468857
2609,0.6479758064022431,0.6113952335184175
2615,0.7126539927496294,0.6744878552409933
2880,0.649660441426146,0.6890492359932088
2881,0.7255821556103204,0.7408213046320977
2882,0.6606465634338494,0.6674164629176854
2883,0.7350437250246135,0.6514739097700817
2884,0.8501409017713366,0.7533212560386473
2885,0.6617647058823529,0.6499577243628458
2886,0.7503139717425432,0.6283359497645212
2887,0.7931744126221918,0.758446235637112
2890,0.7042022482751966,0.6991846383943647
2891,0.792446677919288,0.7457610863894429
2892,0.8133397312859885,0.8795585412667946
2912,0.6578286452353617,0.6504377152698049
3008,0.6003762319551793,0.5587019749699176
3017,0.6115485805751293,0.6196461096903575
3034,0.6278248280854144,0.6002135360115817
3037,0.5696559068894693,0.5337069249689378
3231,0.6903121004422645,0.6258253159781174
3260,0.6232033357260275,0.5523118080683609
3711,0.6626852120158409,0.5984255771274027
4904,0.749836494440811,0.6012099411379987
4938,0.6286883942766296,0.5663593004769475
5871,0.5511699765124916,0.5459259436992959
5880,0.8676328502415459,0.6879227053140096
6147,0.6748594357615239,0.6425011765288683
6505,0.7005661167183835,0.6864630329769633
6669,0.5186517863602268,0.5359613751718204
8069,0.5999544190515524,0.5258928676515433
