as_of,calibration_rows,calibration_positives,calibration_auc_raw,test_rows,test_positives,auc_raw,platt_slope,auc_platt,brier_platt,ece_platt,auc_platt_monotone,brier_platt_monotone,ece_platt_monotone
2016-09-01,6174.0,344.0,0.5875144600901512,6174.0,326.0,0.6065106417798964,1.9844207542778425,0.6065106417798964,0.04953341087328292,0.005735537635047172,0.6065106417798964,0.04953341087328292,0.005735537635047172
2016-10-03,6174.0,313.0,0.6187546095842286,6174.0,282.0,0.6184259941355751,2.30952530019613,0.6184259941355751,0.04308245648695317,0.010438512653463317,0.6184259941355751,0.04308245648695317,0.010438512653463317
2016-11-01,6174.0,130.0,0.643790408797027,6174.0,236.0,0.6295883736463227,2.9372360255407712,0.6295883736463227,0.03668922956160137,0.015802053120451704,0.6295883736463227,0.03668922956160137,0.015802053120451704
2016-12-01,6174.0,189.0,0.6736400083100166,6174.0,134.0,0.6891976376396165,3.4972387529867284,0.6891976376396165,0.020890773387691842,0.0109414356452921,0.6891976376396165,0.020890773387691842,0.0109414356452921
2017-01-03,6174.0,301.0,0.6238295301489502,6174.0,177.0,0.7461838263764652,3.3083214124569107,0.7461838263764652,0.027432873301646343,0.015202193314638453,0.7461838263764652,0.027432873301646343,0.015202193314638453
2017-02-02,6174.0,294.0,0.617814915081679,6174.0,162.0,0.7810099964679694,3.0050722688965767,0.7810099964679694,0.025007680769546986,0.015530691009731229,0.7810099964679694,0.025007680769546986,0.015530691009731229
2017-03-06,6174.0,260.0,0.6334057386644468,6174.0,166.0,0.7620662409959411,3.573228674087603,0.7620662409959411,0.025697242466454256,0.007802563633069629,0.7620662409959411,0.025697242466454256,0.007802563633069629
2017-04-04,6174.0,164.0,0.7039263828578386,6174.0,195.0,0.7434722383041501,4.432687504914511,0.7434722383041501,0.029432199869153863,0.00806693464103721,0.7434722383041501,0.029432199869153863,0.00806693464103721
2017-05-04,6174.0,175.0,0.7355311599552308,6174.0,210.0,0.7121961930312032,4.541204367634163,0.7121961930312032,0.031555979161279425,0.005424075578878028,0.7121961930312032,0.031555979161279425,0.005424075578878028
2017-06-05,6174.0,166.0,0.760847985818106,6174.0,228.0,0.6887336909377377,5.023196661540789,0.6887336909377377,0.033766261972226916,0.0075537496395884675,0.6887336909377377,0.033766261972226916,0.0075537496395884675
2017-07-05,6174.0,170.0,0.7708321903045029,6174.0,176.0,0.6533484646397283,4.842537706273451,0.6533484646397283,0.026925814069589212,0.002347720532902906,0.6533484646397283,0.026925814069589212,0.002347720532902906
2017-08-03,6174.0,188.0,0.744965202493762,6174.0,207.0,0.6885754095188594,5.400698381246783,0.6885754095188594,0.03133194530213165,0.0037869532471186095,0.6885754095188594,0.03133194530213165,0.0037869532471186095
2017-09-01,6174.0,205.0,0.7235121297435122,6174.0,240.0,0.7271381024603978,4.934743180338655,0.7271381024603978,0.03598241652975734,0.006189279717485731,0.7271381024603978,0.03598241652975734,0.006189279717485731
2017-10-03,6174.0,221.0,0.6924756748375093,6174.0,220.0,0.7190040309035942,4.910290370712648,0.7190040309035942,0.03336083023442691,0.00226453722111251,0.7190040309035942,0.03336083023442691,0.00226453722111251
2017-11-01,6174.0,185.0,0.6694254782416412,6174.0,604.0,0.681265530811942,4.64032786270624,0.681265530811942,0.0904034862105017,0.06346610398664838,0.681265530811942,0.0904034862105017,0.06346610398664838
2017-12-01,6174.0,191.0,0.6824965674997134,6174.0,647.0,0.5738875253113213,4.463147646572787,0.5738875253113213,0.09695865764735573,0.0547038296638488,0.5738875253113213,0.09695865764735573,0.0547038296638488
2018-01-03,6174.0,193.0,0.6991388100314208,6174.0,968.0,0.5308032213307595,4.303979455870629,0.5308032213307595,0.14220243529334828,0.09830609396348443,0.5308032213307595,0.14220243529334828,0.09830609396348443
2018-02-02,6174.0,224.0,0.7156767707082834,6174.0,671.0,0.5713439600618874,4.319117928763724,0.5713439600618874,0.09752565745849327,0.03621619511798547,0.5713439600618874,0.09752565745849327,0.03621619511798547
2018-03-06,6174.0,231.0,0.7061987874708723,6174.0,595.0,0.6461559780750443,4.238676951297635,0.6461559780750443,0.08632856697828128,0.03514796507783582,0.6461559780750443,0.08632856697828128,0.03514796507783582
2018-04-05,6174.0,707.0,0.6096900290776419,6174.0,398.0,0.6764549026294909,1.8999070645181608,0.6764549026294909,0.06176431003464833,0.05400356011583373,0.6764549026294909,0.06176431003464833,0.05400356011583373
2018-05-04,6174.0,949.0,0.5558253714562295,6174.0,296.0,0.7083737573912804,1.173851295063437,0.7083737573912804,0.05382107990394954,0.09729599378748198,0.7083737573912804,0.05382107990394954,0.09729599378748198
2018-06-05,6174.0,1059.0,0.4499658007471221,6174.0,334.0,0.7581838036256254,-1.1165550073806036,0.24181619637437454,0.07383906077877857,0.1414968265850187,0.7581838036256254,0.05166434888818902,0.046151098511454484
2018-07-05,6174.0,590.0,0.628331249089408,6174.0,330.0,0.7490884201356482,3.1061853803069854,0.7490884201356482,0.04823902285951426,0.022800618129584994,0.7490884201356482,0.04823902285951426,0.022800618129584994
2018-08-03,6174.0,414.0,0.6734504998658077,6174.0,807.0,0.6829218624348299,3.6657320952503447,0.6829218624348299,0.11433515932592725,0.06899972050620162,0.6829218624348299,0.11433515932592725,0.06899972050620162
2018-09-04,6174.0,302.0,0.7110797453849902,6174.0,1102.0,0.6381040422632781,4.623760005627908,0.6381040422632781,0.1512561402653174,0.10383295249813639,0.6381040422632781,0.1512561402653174,0.10383295249813639
2018-10-03,6174.0,302.0,0.7396370924084668,6174.0,1559.0,0.5556266101071818,4.966167681811176,0.5556266101071818,0.2068036304171709,0.14048645653596512,0.5556266101071818,0.2068036304171709,0.14048645653596512
2018-11-01,6174.0,246.0,0.7828179344546482,6174.0,1075.0,0.6590180473143389,5.412911608242352,0.6590180473143389,0.14194225197854102,0.06953528246507948,0.6590180473143389,0.14194225197854102,0.06953528246507948
2018-12-03,6174.0,796.0,0.7025273728254511,6174.0,750.0,0.7105277777777778,4.0757733102687,0.7105277777777778,0.10810210539030225,0.07895628263317439,0.7105277777777778,0.10810210539030225,0.07895628263317439
2019-01-04,6174.0,979.0,0.6493406778144696,6174.0,241.0,0.6753575367537782,2.9567247850949863,0.6753575367537782,0.05030302991645908,0.11111665835646438,0.6753575367537782,0.05030302991645908,0.11111665835646438
2019-02-05,6174.0,1610.0,0.5770129177304424,6174.0,367.0,0.626314008884326,1.6824152579750524,0.626314008884326,0.07865750916799856,0.15379230418357465,0.626314008884326,0.07865750916799856,0.15379230418357465
2019-03-07,6174.0,1085.0,0.6481109975161028,6174.0,500.0,0.6683785689108214,3.4056720462267913,0.6683785689108214,0.07193633662685069,0.02388470590256387,0.6683785689108214,0.07193633662685069,0.02388470590256387
2019-04-05,6174.0,880.0,0.6991291599409281,6194.0,474.0,0.6673987931899324,4.001752333537477,0.6673987931899324,0.06805349152305526,0.015741680534756667,0.6673987931899324,0.06805349152305526,0.015741680534756667
2019-05-07,6174.0,261.0,0.6707190403896085,6215.0,580.0,0.6494975981397055,3.192160141889075,0.6494975981397055,0.08629154707764143,0.057265662458651376,0.6494975981397055,0.08629154707764143,0.057265662458651376
2019-06-06,6174.0,290.0,0.6035391124967767,6236.0,522.0,0.6130791213890198,2.726676902196441,0.6130791213890198,0.07663403859054774,0.03230216521545035,0.6130791213890198,0.07663403859054774,0.03230216521545035
2019-07-08,6174.0,524.0,0.6756275754914545,6237.0,620.0,0.5929738064745846,4.1729606028048325,0.5929738064745846,0.08826112963887625,0.018304060286684066,0.5929738064745846,0.08826112963887625,0.018304060286684066
2019-08-06,6189.0,481.0,0.6711796697781282,6237.0,374.0,0.6661967874306468,4.071882533914837,0.6661967874306468,0.054926595644505326,0.027287415575354673,0.6661967874306468,0.054926595644505326,0.027287415575354673
2019-09-05,6210.0,570.0,0.641154970760234,6237.0,291.0,0.6552327187528535,3.4523700459036664,0.6552327187528535,0.04540758779893333,0.042962661130864346,0.6552327187528535,0.04540758779893333,0.042962661130864346
2019-10-04,6231.0,508.0,0.6150221306208818,6237.0,148.0,0.684470889020076,2.7331242035529395,0.684470889020076,0.024999969423873093,0.04779392545738087,0.684470889020076,0.024999969423873093,0.04779392545738087
2019-11-04,6237.0,608.0,0.6046194635861283,6237.0,252.0,0.6312461046796887,2.7434892013919,0.6312461046796887,0.04035245892858971,0.03997584409048295,0.6312461046796887,0.04035245892858971,0.03997584409048295
2019-12-04,6237.0,455.0,0.6645793500860951,6237.0,1271.0,0.7937243119459374,4.103675165915785,0.7937243119459374,0.16563268981931764,0.1361892969974614,0.7937243119459374,0.16563268981931764,0.1361892969974614
2020-01-06,6237.0,305.0,0.6402330234460498,6237.0,2277.0,0.6843277970748326,3.519499993747852,0.6843277970748326,0.2802565776556961,0.25047135341254434,0.6843277970748326,0.2802565776556961,0.25047135341254434
2020-02-05,6237.0,168.0,0.678184999489992,6237.0,2537.0,0.5231193471753188,3.650093410605723,0.5231193471753188,0.334303636473177,0.30310494180037306,0.5231193471753188,0.334303636473177,0.30310494180037306
2020-03-06,6237.0,261.0,0.6424369252232429,6237.0,1732.0,0.6832795482566203,2.886325356623663,0.6832795482566203,0.21173248960051705,0.14522783366780068,0.6832795482566203,0.21173248960051705,0.14522783366780068
2020-04-06,6237.0,842.0,0.7224812276696775,6237.0,1136.0,0.5985004321163208,4.4309030749777385,0.5985004321163208,0.18474308853809598,0.16982017479772357,0.5985004321163208,0.18474308853809598,0.16982017479772357
2020-05-06,6237.0,2213.0,0.7543926454827294,6237.0,832.0,0.6401242172489859,3.5976449843122005,0.6401242172489859,0.17177001140032472,0.23574462816210295,0.6401242172489859,0.17177001140032472,0.23574462816210295
2020-06-05,6237.0,2464.0,0.5558391217846559,6237.0,774.0,0.6525522176199674,0.9371142716056783,0.6525522176199674,0.1587637293459122,0.23068453199974623,0.6525522176199674,0.1587637293459122,0.23068453199974623
2020-07-07,6237.0,2057.0,0.6086525645886494,6237.0,572.0,0.6577605095698653,2.481157867884364,0.6577605095698653,0.09438124628093984,0.11539627260818108,0.6577605095698653,0.09438124628093984,0.11539627260818108
2020-08-05,6237.0,1163.0,0.5467631080642773,6242.0,815.0,0.6244621021228779,0.9073797360867492,0.6244621021228779,0.11313572511347328,0.033489004796455515,0.6244621021228779,0.11313572511347328,0.033489004796455515
2020-09-03,6237.0,899.0,0.6083044271746093,6263.0,690.0,0.6068144287805854,2.5342913360544164,0.6068144287805854,0.09705615736324066,0.01948333327205676,0.6068144287805854,0.09705615736324066,0.01948333327205676
2020-10-05,6237.0,733.0,0.6705340429582156,6284.0,559.0,0.6304883174102226,3.7865974599399097,0.6304883174102226,0.0801525574788484,0.016130056029638806,0.6304883174102226,0.0801525574788484,0.016130056029638806
2020-11-03,6237.0,606.0,0.6910249895527645,6300.0,502.0,0.6616160401512268,4.274584528328142,0.6616160401512268,0.0717729674654264,0.013451296304252253,0.6616160401512268,0.0717729674654264,0.013451296304252253
2020-12-03,6237.0,815.0,0.6392968433534816,6300.0,646.0,0.6958056489775177,3.190149793349474,0.6958056489775177,0.08751417401019483,0.029887064092997684,0.6958056489775177,0.08751417401019483,0.029887064092997684
2021-01-05,6258.0,834.0,0.5730879897851631,6300.0,689.0,0.6924903109923775,1.9467128499256245,0.6924903109923775,0.09389995660484879,0.031155384899007356,0.6924903109923775,0.09389995660484879,0.031155384899007356
2021-02-04,6279.0,537.0,0.6189733980140453,6300.0,552.0,0.7375832677780805,2.820547731150969,0.7375832677780805,0.07526039754609924,0.02694023280879621,0.7375832677780805,0.07526039754609924,0.02694023280879621
2021-03-08,6300.0,500.0,0.6616486206896552,6300.0,400.0,0.724253813559322,3.6910525601883952,0.724253813559322,0.056247785302839165,0.014953947142804664,0.724253813559322,0.056247785302839165,0.014953947142804664
2021-04-07,6300.0,603.0,0.692783231464234,6300.0,386.0,0.7061206305929024,4.5257532411705075,0.7061206305929024,0.055504313846810586,0.01118251529004691,0.7061206305929024,0.055504313846810586,0.01118251529004691
2021-05-06,6300.0,714.0,0.680639172962418,6300.0,364.0,0.6871038328248571,4.388884197138949,0.6871038328248571,0.05442339935505153,0.01971798633334932,0.6871038328248571,0.05442339935505153,0.01971798633334932
2021-06-07,6300.0,515.0,0.7269436356160475,6300.0,384.0,0.7196501894579671,5.208271900455051,0.7196501894579671,0.056510647815918164,0.016837639253475523,0.7196501894579671,0.056510647815918164,0.016837639253475523
2021-07-07,6300.0,439.0,0.7269282026786849,6300.0,425.0,0.6463503379224029,5.08199002277913,0.6463503379224029,0.06269034532438744,0.024511535203903947,0.6463503379224029,0.06269034532438744,0.024511535203903947
2021-08-05,6300.0,351.0,0.6942644960799274,6300.0,364.0,0.6096721253813572,4.388134235559697,0.6096721253813572,0.05411595057965641,0.009109296722821939,0.6096721253813572,0.05411595057965641,0.009109296722821939
2021-09-03,6300.0,399.0,0.6950400063877709,6300.0,538.0,0.6209481682965823,4.088446934453912,0.6209481682965823,0.07660744137094891,0.01848734829745841,0.6209481682965823,0.07660744137094891,0.01848734829745841
2021-10-05,6300.0,376.0,0.7377441385205511,6300.0,606.0,0.6861452214768369,4.490026236906252,0.6861452214768369,0.08316492613760787,0.019521583918270097,0.6861452214768369,0.08316492613760787,0.019521583918270097
2021-11-03,6300.0,456.0,0.6723502587749319,6300.0,963.0,0.6597566976442013,3.7626390935648844,0.6597566976442013,0.12571597452744238,0.048336769508945096,0.6597566976442013,0.12571597452744238,0.048336769508945096
2021-12-03,6300.0,362.0,0.6160272167833729,6300.0,1297.0,0.6757399685092568,2.8257411770486063,0.6757399685092568,0.17218097397199233,0.12321298681202393,0.6757399685092568,0.17218097397199233,0.12321298681202393
2022-01-04,6300.0,510.0,0.6126194588370755,6300.0,1345.0,0.6442211877154614,3.279628797860798,0.6442211877154614,0.16847492736534425,0.08739309069142615,0.6442211877154614,0.16847492736534425,0.08739309069142615
2022-02-03,6300.0,487.0,0.6819834181758581,6300.0,1524.0,0.6664972665163086,4.431743544306158,0.6664972665163086,0.18832205237160035,0.12260156596145885,0.6664972665163086,0.18832205237160035,0.12260156596145885
2022-03-07,6300.0,927.0,0.6807574570282392,6300.0,1300.0,0.6108321538461539,4.128926195306285,0.6108321538461539,0.1609388243925024,0.03770650921973552,0.6108321538461539,0.1609388243925024,0.03770650921973552
2022-04-05,6300.0,1138.0,0.6645237367296091,6300.0,1571.0,0.5964682345843644,3.7940645827468207,0.5964682345843644,0.18584011570437522,0.049849611281609925,0.5964682345843644,0.18584011570437522,0.049849611281609925
2022-05-05,6300.0,1332.0,0.6330856823006582,6300.0,1111.0,0.6083135775516268,3.053299357603693,0.6083135775516268,0.14488110074649044,0.04527190353109011,0.6083135775516268,0.14488110074649044,0.04527190353109011
2022-06-06,6300.0,1386.0,0.6447089066136685,6300.0,1077.0,0.6460315606405566,3.298240079452899,0.6460315606405566,0.13738857801491877,0.03099662349082691,0.6460315606405566,0.13738857801491877,0.03099662349082691
2022-07-07,6300.0,1334.0,0.6344875286883339,6300.0,1198.0,0.6004725633798392,2.998718603452981,0.6004725633798392,0.15138120175503175,0.017998252854602877,0.6004725633798392,0.15138120175503175,0.017998252854602877
2022-08-05,6300.0,1662.0,0.6109405170181554,6300.0,1310.0,0.5987166699811837,2.473737814155031,0.5987166699811837,0.16232427623933923,0.03252779115863756,0.5987166699811837,0.16232427623933923,0.03252779115863756
2022-09-06,6300.0,1263.0,0.6195493019116967,6300.0,1164.0,0.6092180993137853,2.681533581771179,0.6092180993137853,0.14708363178035977,0.0029325712255104564,0.6092180993137853,0.14708363178035977,0.0029325712255104564
2022-10-05,6300.0,1232.0,0.6343454665894483,6300.0,714.0,0.7300348710912937,2.9775206863302603,0.7300348710912937,0.10030853402031588,0.08404808205408709,0.7300348710912937,0.10030853402031588,0.08404808205408709
2022-11-03,6300.0,1113.0,0.6051709202510736,6300.0,597.0,0.6852762849844523,2.523786022427649,0.6852762849844523,0.08796478781987606,0.0790640491550465,0.6852762849844523,0.08796478781987606,0.0790640491550465
2022-12-05,6300.0,1250.0,0.5968270891089109,6300.0,722.0,0.63918475729245,2.3068469395673428,0.63918475729245,0.10279433968229515,0.06963011768421384,0.63918475729245,0.10279433968229515,0.06963011768421384
2023-01-05,6300.0,1063.0,0.6040013788566807,6300.0,619.0,0.623923693153979,2.579815502201675,0.623923693153979,0.08864588921753624,0.05113162901974228,0.623923693153979,0.08864588921753624,0.05113162901974228
2023-02-06,6300.0,827.0,0.6967067748876479,6300.0,690.0,0.6471244413443902,4.396360347816052,0.6471244413443902,0.09378518133113958,0.01854616760280532,0.6471244413443902,0.09378518133113958,0.01854616760280532
2023-03-08,6300.0,644.0,0.7009859260105248,6300.0,430.0,0.6444443564042629,4.741670776608898,0.6444443564042629,0.06222351083816453,0.013488951145083378,0.6444443564042629,0.06222351083816453,0.013488951145083378
2023-04-06,6300.0,678.0,0.6993007873619126,6300.0,405.0,0.6286122367773485,4.704344312860794,0.6286122367773485,0.05991340912313755,0.021224069607404094,0.6286122367773485,0.05991340912313755,0.021224069607404094
2023-05-08,6300.0,619.0,0.6114096843515742,6300.0,318.0,0.6444522245983234,2.948745777533339,0.6444522245983234,0.04804667153343449,0.03422455786558134,0.6444522245983234,0.04804667153343449,0.03422455786558134
2023-06-07,6300.0,722.0,0.6484795332673176,6300.0,375.0,0.6842455133614628,3.7132054493099753,0.6842455133614628,0.055322262812644185,0.037885793193038114,0.6842455133614628,0.055322262812644185,0.037885793193038114
2023-07-10,6300.0,586.0,0.6053537745146642,6300.0,516.0,0.6578060165975104,2.8470951182213415,0.6578060165975104,0.07304419328712555,0.009915441573077612,0.6578060165975104,0.07304419328712555,0.009915441573077612
2023-08-08,6300.0,413.0,0.6393345866934614,6300.0,639.0,0.6589566644800006,3.5969464204889285,0.6589566644800006,0.09022164331985799,0.037560573877081664,0.6589566644800006,0.09022164331985799,0.037560573877081664
2023-09-07,6300.0,298.0,0.6326571232407989,6300.0,554.0,0.6625484876624266,3.287067919208153,0.6625484876624266,0.08023901249387515,0.04176411255749376,0.6625484876624266,0.08023901249387515,0.04176411255749376
2023-10-06,6300.0,343.0,0.6929833877482502,6300.0,430.0,0.7029923537102334,4.493590654363457,0.7029923537102334,0.06175961692039983,0.015918410052296085,0.7029923537102334,0.06175961692039983,0.015918410052296085
2023-11-06,6300.0,506.0,0.6627876595796932,6300.0,286.0,0.6679403071155648,4.143941349472257,0.6679403071155648,0.043158656692584,0.028971899526203885,0.6679403071155648,0.043158656692584,0.028971899526203885
2023-12-06,6300.0,660.0,0.6737671932086826,6300.0,336.0,0.6900874492989684,4.189472660644679,0.6900874492989684,0.05042009149912324,0.03976569809045416,0.6900874492989684,0.05042009149912324,0.03976569809045416
2024-01-08,6300.0,583.0,0.6512723780389563,6300.0,391.0,0.6538870222241074,3.806516258665971,0.6538870222241074,0.05722009131717641,0.02453660721910689,0.6538870222241074,0.05722009131717641,0.02453660721910689
2024-02-07,6300.0,432.0,0.6917020121689516,6310.0,439.0,0.6857182654094155,4.611204311793992,0.6857182654094155,0.062024753569732236,0.009429181283047929,0.6857182654094155,0.062024753569732236,0.009429181283047929
2024-03-08,6300.0,286.0,0.6712682063530085,6331.0,473.0,0.6342357571763593,4.317699586189758,0.6342357571763593,0.06816221895545914,0.026038248767946456,0.6342357571763593,0.06816221895545914,0.026038248767946456
2024-04-09,6300.0,309.0,0.6805278035715926,6352.0,397.0,0.6697942376387135,4.575052316372628,0.6697942376387135,0.05695067138501568,0.008415661124549095,0.6697942376387135,0.05695067138501568,0.008415661124549095
2024-05-08,6300.0,346.0,0.6707697356030142,6363.0,651.0,0.7052089653065527,4.463673607615316,0.7052089653065527,0.08829120372877128,0.03632141001539931,0.7052089653065527,0.08829120372877128,0.03632141001539931
2024-06-07,6305.0,444.0,0.6736144094956585,6363.0,658.0,0.731092013884264,4.357644078676433,0.731092013884264,0.0873106784831443,0.022876195313198927,0.731092013884264,0.0873106784831443,0.022876195313198927
2024-07-10,6326.0,500.0,0.6458032955715757,6363.0,643.0,0.7102187081969352,3.758339374638522,0.7102187081969352,0.08600146653030831,0.013708744157128838,0.7102187081969352,0.08600146653030831,0.013708744157128838
2024-08-08,6347.0,433.0,0.6492450294092149,6363.0,386.0,0.6656141287716905,3.695990761739533,0.6656141287716905,0.05587405285158743,0.015180578615216492,0.6656141287716905,0.05587405285158743,0.015180578615216492
2024-09-09,6363.0,645.0,0.7263598428463359,6363.0,458.0,0.6609826621655099,5.5292138868839285,0.6609826621655099,0.06797512144466165,0.029444344813976793,0.6609826621655099,0.06797512144466165,0.029444344813976793
2024-10-08,6363.0,635.0,0.7411411824220296,6363.0,616.0,0.6639062390541424,4.8611148450335655,0.6639062390541424,0.08431978467711268,0.012115469892234082,0.6639062390541424,0.08431978467711268,0.012115469892234082
2024-11-06,6363.0,660.0,0.7082444646358377,6363.0,636.0,0.6575045053058831,4.227446501700416,0.6575045053058831,0.08678538037831816,0.006134437667294741,0.6575045053058831,0.08678538037831816,0.006134437667294741
2024-12-06,6363.0,384.0,0.657396808970285,6363.0,930.0,0.6871945438964197,3.1821857386336125,0.6871945438964197,0.12612603472305844,0.07999159755476122,0.6871945438964197,0.12612603472305844,0.07999159755476122
2025-01-08,6363.0,429.0,0.655628384647596,6363.0,1397.0,0.6269949904158587,3.286261392470338,0.6269949904158587,0.1831673808351128,0.12670297524270221,0.6269949904158587,0.1831673808351128,0.12670297524270221
2025-02-10,6363.0,586.0,0.668657811575974,6363.0,1422.0,0.5170077234859385,4.051822941395611,0.5170077234859385,0.1848744464545387,0.10329407172067115,0.5170077234859385,0.1848744464545387,0.10329407172067115
2025-03-12,6363.0,625.0,0.6607514813523876,6363.0,1036.0,0.5521402224987733,3.8529653872616554,0.5521402224987733,0.1411456511230494,0.06397492724885338,0.5521402224987733,0.1411456511230494,0.06397492724885338
2025-04-10,6363.0,876.0,0.690904320964538,6363.0,436.0,0.634026682434451,4.588937037296494,0.634026682434451,0.08224602937100219,0.10358661649691503,0.634026682434451,0.08224602937100219,0.10358661649691503
2025-05-12,6363.0,1376.0,0.6623319467825649,6363.0,454.0,0.595526274785793,3.6164923594527636,0.595526274785793,0.07871325290279249,0.10733303734906628,0.595526274785793,0.07871325290279249,0.10733303734906628
2025-06-11,6363.0,1395.0,0.5318380286161181,6363.0,441.0,0.6181937370242481,0.5855073810353433,0.6181937370242481,0.08220794150221399,0.13481692196905715,0.6181937370242481,0.08220794150221399,0.13481692196905715
2025-07-14,6363.0,1116.0,0.5368942689900288,6363.0,480.0,0.624253144654088,0.7146705918844785,0.624253144654088,0.07653175922898672,0.08549943906258083,0.624253144654088,0.07653175922898672,0.08549943906258083
2025-08-12,6363.0,470.0,0.6468688057594477,6363.0,449.0,0.6784433600237404,2.6061209440867255,0.6784433600237404,0.06439709221666513,0.013265309805294181,0.6784433600237404,0.06439709221666513,0.013265309805294181
2025-09-11,6363.0,489.0,0.5887304143663142,6363.0,554.0,0.6671202348155141,2.4888741766787423,0.6671202348155141,0.0771131161748677,0.02153179546110514,0.6671202348155141,0.0771131161748677,0.02153179546110514
2025-10-10,6363.0,458.0,0.6078998258451686,6363.0,578.0,0.6753951425503852,2.667332948196166,0.6753951425503852,0.07994966739280789,0.018139999960086802,0.6753951425503852,0.07994966739280789,0.018139999960086802
2025-11-10,6363.0,448.0,0.6108920269291148,6363.0,761.0,0.7154589992967595,2.606890989399052,0.7154589992967595,0.10261439193711638,0.038802469401618744,0.7154589992967595,0.10261439193711638,0.038802469401618744
2025-12-10,6363.0,439.0,0.6686368257610831,6363.0,891.0,0.6988521504847041,3.740658365573903,0.6988521504847041,0.11801441043920331,0.0540521290936806,0.6988521504847041,0.11801441043920331,0.0540521290936806
2026-01-12,6363.0,529.0,0.6580944894442525,6363.0,1018.0,0.6702262915785275,3.729546805353411,0.6702262915785275,0.13224463397755065,0.05738048201107353,0.6702262915785275,0.13224463397755065,0.05738048201107353
