coverage,rows,event_rate,brier_score,brier_skill_score,ece,auc,min_confidence,signal
0.1,24427,0.10508863143243133,0.09471610556344268,-0.0071358871713391725,0.030950349712716946,0.6430631625056001,0.9008426167447173,random
0.2,48854,0.10285749375690834,0.09297011999534623,-0.007502238212350187,0.02914918713829788,0.6423845589865362,0.7999800006488264,random
0.3,73280,0.10162390829694323,0.09221531867332243,-0.010064232681443075,0.02926613282392058,0.6402830005031368,0.700967688327584,random
0.4,97707,0.1023570470897684,0.09256430241400847,-0.007446885094975597,0.02897531194739807,0.6421187676229299,0.6009512443497661,random
0.5,122134,0.1020927833363355,0.09224929763251533,-0.006321061122763316,0.0283140431870366,0.6436568257143489,0.5007210723746816,random
0.6,146561,0.10221000129638853,0.09228946476996162,-0.005735941151328028,0.027939741551227897,0.6434923169003637,0.40075991935327615,random
0.7,170988,0.10260953985074976,0.09259181805025499,-0.005549427728564149,0.02801392080079943,0.644327097088956,0.2997782379958258,random
0.8,195414,0.1024389245396952,0.09241675147746611,-0.005128709746115456,0.027750821322734064,0.6448467770600338,0.20025326502581142,random
0.9,219841,0.10223752621212603,0.09219392550745023,-0.004455096115273394,0.027327005662076423,0.6451680164057886,0.1008185735131869,random
1.0,244268,0.10253082679679697,0.09245136115802638,-0.004706726926034799,0.027782231005390814,0.6441340614696287,1.3168556207476811e-05,random
0.1,24427,0.1876611945797683,0.17356772869502157,-0.13856362240787834,0.12232148901807224,0.5322401818498599,0.13623181746836616,legacy_trust
0.2,48854,0.16756048634707496,0.15078871489379378,-0.08104691278044007,0.07973938506174298,0.5395761987849577,0.10446649778101229,legacy_trust
0.3,73280,0.16430131004366813,0.14516944698335532,-0.057266507748534146,0.05290036513318362,0.5244969468199839,0.0845424093112985,legacy_trust
0.4,97707,0.15344857584410534,0.13550919422250798,-0.0431639161908246,0.04440495891539785,0.5474915512191993,0.07123121487647938,legacy_trust
0.5,122134,0.14249103443758496,0.12624216111599626,-0.03318528407842303,0.03879854876957025,0.5686061680088873,0.060162476600646,legacy_trust
0.6,146561,0.13231350768621938,0.11769391045103507,-0.02514895476686063,0.034537478008413794,0.5879453526046405,0.05193291390199188,legacy_trust
0.7,170988,0.12364025545652327,0.11040718057856858,-0.018955002591192427,0.03166853638909282,0.6028166691963902,0.04420622107490372,legacy_trust
0.8,195414,0.11663442742075798,0.1045394870703049,-0.014642696711976155,0.030333716581781765,0.6125988902344176,0.036157548328177865,legacy_trust
0.9,219841,0.11052078547677639,0.09941949837514073,-0.011327463063713239,0.029915565296740422,0.6212588265543847,0.026113510826834278,legacy_trust
1.0,244268,0.10253082679679697,0.09245136115802638,-0.004706726926034799,0.027782231005390814,0.6441340614696287,0.007197085893858881,legacy_trust
0.1,24427,0.030621852867728335,0.029738696731464252,-0.0018374023716862808,0.008582397053428174,0.5401868981585931,0.8115065534042383,legacy_entropy_confidence
0.2,48854,0.04611700167847055,0.04409935237630953,-0.002480745314259014,0.01757639315332423,0.6118557468344771,0.7518759580819115,legacy_entropy_confidence
0.3,73280,0.05327510917030567,0.050554122469712116,-0.002324699214420356,0.01871411439856168,0.5915924066727379,0.7058902524760142,legacy_entropy_confidence
0.4,97707,0.057856653054540616,0.05458740804379049,-0.0014336516556165968,0.017649325931956443,0.5794963097652812,0.6628586516011783,legacy_entropy_confidence
0.5,122134,0.06257061915600898,0.058660561200056506,-8.565986930042513e-05,0.01676591324121137,0.580279672526865,0.6179869382081604,legacy_entropy_confidence
0.6,146561,0.06858577657084763,0.06374623704430372,0.0021215877915770065,0.016700450204884143,0.5909820515996349,0.5589244085726575,legacy_entropy_confidence
0.7,170988,0.07605796898027932,0.06985807198404864,0.0059066987209304145,0.017017400322040768,0.6072986824099789,0.4895867450678475,legacy_entropy_confidence
0.8,195414,0.08627324551976828,0.07786687345802953,0.012219929718782385,0.018464089341676582,0.6296132666828279,0.38915195286606274,legacy_entropy_confidence
0.9,219841,0.09307181099067054,0.08343834943670878,0.011504630873712451,0.01727777344071557,0.6310086624089145,0.24048561121964052,legacy_entropy_confidence
1.0,244268,0.10253082679679697,0.09245136115802638,-0.004706726926034799,0.027782231005390814,0.6441340614696287,4.622762617145781e-09,legacy_entropy_confidence
0.1,24427,0.06181684201907725,0.05718564850061426,0.013964381393382186,0.018476953534822954,0.6769583989675381,0.9123744735989634,disagreement_confidence
0.2,48854,0.06011790232120195,0.056400911998684355,0.00181984666427637,0.012137627100057872,0.6463552921194005,0.8099952852428101,disagreement_confidence
0.3,73280,0.0613264192139738,0.0578204628250436,-0.00442927362908363,0.011970697684347461,0.6367158006907021,0.7010042112082928,disagreement_confidence
0.4,97707,0.06474459352963452,0.06182030653129634,-0.020933414053347255,0.013506716080849947,0.6309320020689452,0.5920634920634921,disagreement_confidence
0.5,122134,0.06835115528845366,0.06557831593965305,-0.029821964597822603,0.01634250199440788,0.6305744748645122,0.48444444444444446,disagreement_confidence
0.6,146561,0.07256364244239599,0.06938397646945797,-0.030993659027183762,0.018966089123721535,0.6291042788630926,0.3741269841269841,disagreement_confidence
0.7,170988,0.07799962570472782,0.07377393773995934,-0.025839337673037477,0.02057497257411518,0.6315881194085763,0.2687359279511097,disagreement_confidence
0.8,195414,0.08371969255017553,0.07819291048848545,-0.01932200788459748,0.020794909032258682,0.6367744126609659,0.16603174603174609,disagreement_confidence
0.9,219841,0.090388053183892,0.0831863257925406,-0.011776887573853978,0.02207137394939427,0.6412329191233649,0.07256235827664403,disagreement_confidence
1.0,244268,0.10253082679679697,0.09245136115802638,-0.004706726926034799,0.027782231005390814,0.6441340614696287,0.0,disagreement_confidence
0.1,24427,0.054611700167847055,0.06165787370712132,-0.19424277771232767,0.044342277065745145,0.5593927260160678,0.9180695847362514,novelty_confidence
0.2,48854,0.05878740737708273,0.06504512403245469,-0.17555434121317215,0.041792260067506415,0.577623431792191,0.8252396668238252,novelty_confidence
0.3,73280,0.06187227074235808,0.06612304418757771,-0.13918645179177558,0.0359990310464728,0.5898728024482341,0.7196825396825397,novelty_confidence
0.4,97707,0.06439661436744552,0.06676791323306869,-0.10818682654772016,0.03214112451511383,0.5969419237885225,0.6088323118026089,novelty_confidence
0.5,122134,0.06867866441777065,0.06906126960284371,-0.0797250190357297,0.029082992561805316,0.6080296243298439,0.4946031746031746,novelty_confidence
0.6,146561,0.07293208971008658,0.07160378694447797,-0.059023959058697395,0.026531082338535766,0.6163135929510869,0.382052490963382,novelty_confidence
0.7,170988,0.07692937516083,0.07413455340121541,-0.04398327252992096,0.02500433663494375,0.6216958347577417,0.2724327826368643,novelty_confidence
0.8,195414,0.08184162854247905,0.07754694631709859,-0.03198370443470844,0.02401165164947695,0.6264413143840035,0.1684739902561685,novelty_confidence
0.9,219841,0.0880090610941544,0.08191032516116138,-0.020518163224567454,0.02363978831934097,0.6321713036389488,0.07231040564373903,novelty_confidence
1.0,244268,0.10253082679679697,0.09245136115802638,-0.004706726926034799,0.027782231005390814,0.6441340614696287,0.0,novelty_confidence
0.1,24427,0.05088631432431326,0.05095757286962592,-0.05508998874525939,0.027138165768362126,0.5869673484140587,0.8734920634920635,epistemic_trust
0.2,48854,0.053649649977483935,0.05426564422024389,-0.06882381797442272,0.024695895132796682,0.5938806318142383,0.7845238095238095,epistemic_trust
0.3,73280,0.05626364628820961,0.05771583956960948,-0.08696724860263072,0.025316350530507438,0.5916148898685154,0.6949303530936184,epistemic_trust
0.4,97707,0.059739834402857524,0.061011788094431994,-0.08617974865794875,0.02446253753216828,0.5986316483323608,0.6007936507936508,epistemic_trust
0.5,122134,0.06447835983428038,0.064868888862819,-0.07539655151083258,0.02482838391544901,0.6077220116868984,0.5007215007215007,epistemic_trust
0.6,146561,0.07139689276137581,0.06996165392686865,-0.05523849026519412,0.023462731961147634,0.6200599879922396,0.39955106621773284,epistemic_trust
0.7,170988,0.07726858025124571,0.07409774114257289,-0.03926601900192539,0.023199923842149476,0.6258918668439232,0.29460317460317453,epistemic_trust
0.8,195414,0.0834433561566725,0.07840467759183922,-0.025158223994641515,0.022204574509208132,0.6341567865341365,0.18999999999999995,epistemic_trust
0.9,219841,0.08967390068276618,0.082878550561301,-0.015264244767303925,0.02219286943470022,0.6393895248334289,0.0893262066731455,epistemic_trust
1.0,244268,0.10253082679679697,0.09245136115802638,-0.004706726926034799,0.02778223100539081,0.6441340614696287,0.0,epistemic_trust
