fold_id,test_start,feature_set,rows,positives,auc,pr_auc,brier_score,brier_skill_score,ece,alert_threshold,alerts,alert_rate,alert_precision,alert_recall,alert_episode_recall,watch_rate,watch_recall,watch_episode_recall
0,2016-07-14,technical,6174.0,179.0,0.6217499685492098,0.05142041024625415,0.02902169425523109,0.09279420572139785,0.03266936470038548,0.0861109046989851,133.0,0.021541950113378686,0.08270676691729323,0.061452513966480445,0.04,0.12844185293164884,0.22905027932960895,0.26666666666666666
0,2016-07-14,technical_range,6174.0,179.0,0.6553543222704209,0.0543946689665259,0.028885881093341302,0.0970396672827436,0.031075702015793412,0.10258523728949204,172.0,0.027858762552640103,0.08139534883720931,0.0782122905027933,0.08,0.13540654356980888,0.3016759776536313,0.38666666666666666
0,2016-07-14,technical_market,6174.0,179.0,0.5675418528475777,0.05257576810935906,0.029410059435534295,0.08065407569423322,0.03716914402894465,0.0816979396403118,302.0,0.04891480401684483,0.06291390728476821,0.10614525139664804,0.10666666666666667,0.24457402008422416,0.3575418994413408,0.41333333333333333
0,2016-07-14,technical_range_market,6174.0,179.0,0.6110995662120668,0.05393626814276094,0.029324947209462795,0.08331464760905516,0.03720412195324012,0.08894249367435178,284.0,0.045999352121801104,0.07746478873239436,0.12290502793296089,0.13333333333333333,0.2270813087139618,0.39664804469273746,0.48
0,2016-07-14,technical_range_beta,6174.0,179.0,0.6160645975929662,0.05164492998130537,0.029002351698632675,0.0933988457974706,0.029875318359685387,0.1289884457035696,185.0,0.029964366699060576,0.0918918918918919,0.09497206703910614,0.09333333333333334,0.1480401684483317,0.2849162011173184,0.37333333333333335
0,2016-07-14,technical_range_relative,6174.0,179.0,0.6092898644587434,0.053494805422679134,0.0289219438581063,0.09591236062501418,0.029500807551713526,0.12465392655301194,194.0,0.03142209264658244,0.09278350515463918,0.1005586592178771,0.09333333333333334,0.13718820861678005,0.2849162011173184,0.3333333333333333
0,2016-07-14,technical_range_regime,6174.0,179.0,0.6457727808555547,0.05786753716867689,0.029324509829253425,0.08332831992800227,0.03559091518587895,0.0708182817507001,279.0,0.04518950437317784,0.07526881720430108,0.11731843575418995,0.12,0.2371234207968902,0.441340782122905,0.48
1,2016-10-12,technical,6174.0,257.0,0.5904467047069415,0.06841882503939961,0.03999389000390138,0.08100041772795474,0.01654135595762486,0.032840115971631514,488.0,0.07904114026563006,0.08811475409836066,0.16731517509727625,0.25,0.27793974732750243,0.40077821011673154,0.5480769230769231
1,2016-10-12,technical_range,6174.0,257.0,0.6199850197511753,0.0894212553152359,0.03983055605786405,0.08475358672863242,0.016102410173402817,0.03666813201125645,458.0,0.0741820537738905,0.10698689956331878,0.19066147859922178,0.23076923076923078,0.2954324586977648,0.46303501945525294,0.625
1,2016-10-12,technical_market,6174.0,257.0,0.5725032863825067,0.06909678178805395,0.040121338829120314,0.07807183495879089,0.01768112503699153,0.03204906367139755,135.0,0.021865889212827987,0.18518518518518517,0.09727626459143969,0.10576923076923077,0.15063168124392615,0.22957198443579765,0.34615384615384615
1,2016-10-12,technical_range_market,6174.0,257.0,0.5935492865311254,0.08382583192997425,0.03999176453855327,0.08104925773243687,0.017337179569752854,0.037075733266302,172.0,0.027858762552640103,0.19186046511627908,0.12840466926070038,0.15384615384615385,0.20440557175251053,0.3346303501945525,0.4423076923076923
1,2016-10-12,technical_range_beta,6174.0,257.0,0.6244271435795693,0.08643251710111863,0.04001956268936736,0.08041049793728838,0.017318042619812776,0.03481510663117994,137.0,0.022189828312277293,0.1897810218978102,0.10116731517509728,0.11538461538461539,0.18172983479105928,0.28793774319066145,0.40384615384615385
1,2016-10-12,technical_range_relative,6174.0,257.0,0.6469119841332991,0.09290259130035433,0.039990116398322145,0.0810871295219473,0.017357416797096775,0.034598254296372276,150.0,0.024295432458697766,0.2,0.11673151750972763,0.1346153846153846,0.18383543893747975,0.3346303501945525,0.46153846153846156
1,2016-10-12,technical_range_regime,6174.0,257.0,0.5604013759733382,0.08230536097200866,0.03984247741987626,0.08447965171735272,0.016222821755743314,0.04114461526101596,407.0,0.06592160673793326,0.10319410319410319,0.16342412451361868,0.20192307692307693,0.2850664075153871,0.4046692607003891,0.5192307692307693
2,2017-01-12,technical,6174.0,192.0,0.6642975802407222,0.06372060836360692,0.029915915666102005,0.05333863720375187,0.00924595026756097,0.07073935699670693,149.0,0.024133462908973113,0.10738255033557047,0.08333333333333333,0.15384615384615385,0.10204081632653061,0.2552083333333333,0.3384615384615385
2,2017-01-12,technical_range,6174.0,192.0,0.7435936281065418,0.08763946978433058,0.029536404807673975,0.0653479057966081,0.0078928880854874,0.08367906533769663,170.0,0.0275348234531908,0.12941176470588237,0.11458333333333333,0.13846153846153847,0.10430839002267574,0.3229166666666667,0.47692307692307695
2,2017-01-12,technical_market,6174.0,192.0,0.7421779226568594,0.08271494277662401,0.029521295143032724,0.06582603709903345,0.0023374623482128026,0.09882462369641222,115.0,0.018626498218334953,0.10434782608695652,0.0625,0.09230769230769231,0.07061872367994818,0.234375,0.2923076923076923
2,2017-01-12,technical_range_market,6174.0,192.0,0.7662849660091386,0.09722816315979922,0.0294516909011803,0.06802859867808875,0.004772871354622045,0.10626649259634388,71.0,0.011499838030450276,0.18309859154929578,0.06770833333333333,0.07692307692307693,0.04081632653061224,0.15625,0.2153846153846154
2,2017-01-12,technical_range_beta,6174.0,192.0,0.7734314053270924,0.09901916560668593,0.0292767991578381,0.07356288544176415,0.010188384918622508,0.084121335417603,298.0,0.04826692581794623,0.12080536912751678,0.1875,0.2923076923076923,0.1695821185617104,0.515625,0.6
2,2017-01-12,technical_range_relative,6174.0,192.0,0.751686483060292,0.09426668728083287,0.02932210616394568,0.0721291873185067,0.009719001317770785,0.08854370630886368,317.0,0.05134434726271461,0.12302839116719243,0.203125,0.26153846153846155,0.17022999676060901,0.4791666666666667,0.5692307692307692
2,2017-01-12,technical_range_regime,6174.0,192.0,0.74156758469854,0.08630475184389376,0.029653078676290696,0.06165586960088598,0.00560251769001432,0.10300626127016255,67.0,0.010851959831551669,0.14925373134328357,0.052083333333333336,0.07692307692307693,0.028830579850988015,0.125,0.13846153846153847
3,2017-04-13,technical,6174.0,168.0,0.6295549688406832,0.0550283705380881,0.02624712773494899,0.06902273342753751,0.002993197445151386,0.051799774545397304,376.0,0.06090055069646906,0.0851063829787234,0.19047619047619047,0.23684210526315788,0.2259475218658892,0.4166666666666667,0.4342105263157895
3,2017-04-13,technical_range,6174.0,168.0,0.7307375164518022,0.11858428537083865,0.02532208187664666,0.10183381558910154,0.005676989275256407,0.062024295032338125,298.0,0.04826692581794623,0.16778523489932887,0.2976190476190476,0.25,0.19792678976352446,0.5238095238095238,0.5657894736842105
3,2017-04-13,technical_market,6174.0,168.0,0.6386034600320314,0.05604230963147769,0.026354684977065515,0.06520771228400923,0.0024276315039726245,0.06261204744198083,435.0,0.07045675413022352,0.0896551724137931,0.23214285714285715,0.23684210526315788,0.19258179462261094,0.3630952380952381,0.4342105263157895
3,2017-04-13,technical_range_market,6174.0,168.0,0.7021708450279879,0.11946172443143223,0.025291728411918932,0.10291044332180377,0.001886646782340043,0.05780459349232833,326.0,0.05280207321023648,0.13496932515337423,0.2619047619047619,0.25,0.17071590540978296,0.4166666666666667,0.4342105263157895
3,2017-04-13,technical_range_beta,6174.0,168.0,0.7321022231736517,0.11051500911199094,0.025334544009928166,0.10139178768817325,0.0039289571090651764,0.07568655209941967,347.0,0.05620343375445416,0.13544668587896252,0.27976190476190477,0.27631578947368424,0.2068351149983803,0.5357142857142857,0.5394736842105263
3,2017-04-13,technical_range_relative,6174.0,168.0,0.7359158698444412,0.14242618570059917,0.0251525004817254,0.10784881369097477,0.006455336267426343,0.0742900722383936,332.0,0.05377389050858439,0.1536144578313253,0.30357142857142855,0.3026315789473684,0.21234207968901847,0.5535714285714286,0.5526315789473685
3,2017-04-13,technical_range_regime,6174.0,168.0,0.6987625469768327,0.12005572128688316,0.025451655473697356,0.09723788134363387,0.0021867979230539604,0.049822025992915506,302.0,0.04891480401684483,0.15562913907284767,0.27976190476190477,0.2631578947368421,0.16731454486556527,0.43452380952380953,0.4473684210526316
4,2017-07-14,technical,6174.0,189.0,0.6316443666485437,0.0562154763291877,0.029462575050735542,0.0106069666681321,0.000402768391189177,0.050817267356597653,273.0,0.04421768707482993,0.07692307692307693,0.1111111111111111,0.2028985507246377,0.19517330741820538,0.35978835978835977,0.4492753623188406
4,2017-07-14,technical_range,6174.0,189.0,0.6398253128411859,0.11331991987860926,0.028910787060382272,0.029136752085448858,0.00227329863248602,0.08673129491952762,248.0,0.04016844833171364,0.14112903225806453,0.18518518518518517,0.18840579710144928,0.17022999676060901,0.36507936507936506,0.391304347826087
4,2017-07-14,technical_market,6174.0,189.0,0.6462222575839953,0.07949576647682981,0.029143051887368474,0.021336985727197555,0.0015706089020525909,0.07226776656115451,213.0,0.034499514091350825,0.1267605633802817,0.14285714285714285,0.15942028985507245,0.137674117265954,0.3968253968253968,0.391304347826087
4,2017-07-14,technical_range_market,6174.0,189.0,0.6450579712066763,0.11977834931746262,0.028748666757651968,0.034580970651097,0.0032150011749898914,0.08213099958454914,243.0,0.03935860058309038,0.13991769547325103,0.17989417989417988,0.2028985507246377,0.13119533527696792,0.37566137566137564,0.391304347826087
4,2017-07-14,technical_range_beta,6174.0,189.0,0.6440024222814532,0.12483665746927768,0.028842206976941266,0.0314397638440953,0.004433260623508651,0.092780208287814,306.0,0.04956268221574344,0.12745098039215685,0.20634920634920634,0.21739130434782608,0.13686426951733074,0.38095238095238093,0.391304347826087
4,2017-07-14,technical_range_relative,6174.0,189.0,0.6566592848965447,0.12061973807527455,0.028842054744544057,0.0314448760134487,0.0025666114165725402,0.092443616025684,271.0,0.04389374797538063,0.14022140221402213,0.20105820105820105,0.2028985507246377,0.15095562034337545,0.38095238095238093,0.37681159420289856
4,2017-07-14,technical_range_regime,6174.0,189.0,0.6371563830210447,0.11024792771268761,0.02883507025766446,0.03167942450923267,0.0031083353800718133,0.07195347596205841,223.0,0.036119209588597344,0.15246636771300448,0.17989417989417988,0.18840579710144928,0.14382896015549076,0.3386243386243386,0.37681159420289856
5,2017-10-12,technical,6174.0,221.0,0.6882077024170482,0.08505992382350824,0.034023811762565456,0.014606589770547962,0.005188195922194834,0.04848159792713645,462.0,0.07482993197278912,0.10822510822510822,0.22624434389140272,0.39705882352941174,0.2628765792031098,0.5158371040723982,0.7058823529411765
5,2017-10-12,technical_range,6174.0,221.0,0.705173937928555,0.08255355622952001,0.033813999360080414,0.020683150510889314,0.00202107395989281,0.06504044543667657,511.0,0.08276643990929705,0.11741682974559686,0.27149321266968324,0.38235294117647056,0.31179138321995464,0.6018099547511312,0.6470588235294118
5,2017-10-12,technical_market,6174.0,221.0,0.661332017850234,0.0925359909649967,0.033837688453574044,0.019997069927507494,0.006974626700519222,0.06916433842629903,295.0,0.04778101716877227,0.15593220338983052,0.2081447963800905,0.25,0.21428571428571427,0.4660633484162896,0.6029411764705882
5,2017-10-12,technical_range_market,6174.0,221.0,0.7044472804692566,0.08280182300829259,0.03382164814345485,0.020461627396840876,0.004285392458730499,0.07390287464708667,347.0,0.05620343375445416,0.11815561959654179,0.18552036199095023,0.2647058823529412,0.2732426303854875,0.5475113122171946,0.6029411764705882
5,2017-10-12,technical_range_beta,6174.0,221.0,0.7075614181374007,0.0861547573789854,0.03371817991662403,0.023458261330708163,0.0024068521018511917,0.07293734794696487,423.0,0.06851311953352769,0.13002364066193853,0.248868778280543,0.3235294117647059,0.3025591188856495,0.5701357466063348,0.6029411764705882
5,2017-10-12,technical_range_relative,6174.0,221.0,0.7035191959945669,0.08185903327633615,0.033810343290605005,0.020789037140922173,0.002800289790925377,0.07349565616474918,389.0,0.06300615484288953,0.11053984575835475,0.19457013574660634,0.27941176470588236,0.297214123744736,0.579185520361991,0.6470588235294118
5,2017-10-12,technical_range_regime,6174.0,221.0,0.6990558773742734,0.07995933370238346,0.03390430471112521,0.018067738150599144,0.005080901243813523,0.06444425287747998,423.0,0.06851311953352769,0.11583924349881797,0.22171945701357465,0.3382352941176471,0.28781988986070617,0.5610859728506787,0.6323529411764706
6,2018-01-12,technical,6174.0,972.0,0.4709875356581752,0.16608782478282888,0.1448568893787625,0.0205854028668373,0.10831898545749914,0.07159734868526217,833.0,0.1349206349206349,0.16806722689075632,0.1440329218106996,0.3,0.4982183349530288,0.46296296296296297,0.7
6,2018-01-12,technical_range,6174.0,972.0,0.48628198556110896,0.15817662269850102,0.14309738450799406,0.032481866759911715,0.09531872184716216,0.08349753567136223,1424.0,0.23064463880790412,0.16713483146067415,0.2448559670781893,0.4,0.5908649173955296,0.5534979423868313,0.7580645161290323
6,2018-01-12,technical_market,6174.0,972.0,0.4795229517611934,0.1680507531565465,0.14427461541601455,0.024522306531493343,0.10602593722114116,0.08187488626187797,759.0,0.12293488824101069,0.20421607378129117,0.15946502057613168,0.2806451612903226,0.4993521218011014,0.4403292181069959,0.6225806451612903
6,2018-01-12,technical_range_market,6174.0,972.0,0.42991141425504276,0.13971751531103913,0.142539160814298,0.036256160384579794,0.07840462186175104,0.08618263020929154,2381.0,0.38564949789439584,0.13145737085258294,0.3220164609053498,0.5064516129032258,0.7761580822805313,0.6872427983539094,0.832258064516129
6,2018-01-12,technical_range_beta,6174.0,972.0,0.5131379510571275,0.16782409537361073,0.14384925578654637,0.027398272127047263,0.10425787904118945,0.08772480253742497,785.0,0.12714609653385164,0.17452229299363056,0.14094650205761317,0.23870967741935484,0.48769031422092646,0.5020576131687243,0.6838709677419355
6,2018-01-12,technical_range_relative,6174.0,972.0,0.4962451130698386,0.16253981884498794,0.14442677545660454,0.023493513455145054,0.10547271207522596,0.08667498829312631,767.0,0.12423064463880791,0.17340286831812254,0.1368312757201646,0.22580645161290322,0.47278911564625853,0.45987654320987653,0.667741935483871
6,2018-01-12,technical_range_regime,6174.0,972.0,0.4014908795762313,0.13158513165567823,0.14256252033047578,0.036098220702010186,0.08305721878564236,0.08375540373904947,3583.0,0.5803368966634272,0.11833658945018141,0.43621399176954734,0.6258064516129033,0.8356009070294784,0.7407407407407407,0.8548387096774194
7,2018-04-16,technical,6174.0,392.0,0.6439310245025026,0.11483628566516937,0.06753510394271235,-0.11614314590688135,0.09120178282250357,0.16412389485827167,187.0,0.03028830579850988,0.1925133689839572,0.09183673469387756,0.14285714285714285,0.08908325234855848,0.22959183673469388,0.3357142857142857
7,2018-04-16,technical_range,6174.0,392.0,0.7169404167754961,0.1532720445420723,0.0663317275307248,-0.09625511352411853,0.08875596078220019,0.17914750465317805,161.0,0.026077097505668934,0.2732919254658385,0.11224489795918367,0.16428571428571428,0.10673793326854551,0.29591836734693877,0.40714285714285714
7,2018-04-16,technical_market,6174.0,392.0,0.5574967880614715,0.09960267819155073,0.0693526878014273,-0.14618209820843586,0.10101424263559908,0.2227180567205092,171.0,0.027696793002915453,0.19883040935672514,0.08673469387755102,0.14285714285714285,0.17055393586005832,0.30612244897959184,0.36428571428571427
7,2018-04-16,technical_range_market,6174.0,392.0,0.6131683302861096,0.11843043710003061,0.06929200591771122,-0.14517921726746819,0.10360005837267092,0.24099843674016727,311.0,0.0503725299643667,0.18971061093247588,0.15051020408163265,0.22142857142857142,0.21072238419177194,0.413265306122449,0.5
7,2018-04-16,technical_range_beta,6174.0,392.0,0.7172911710516099,0.14921621642547736,0.0656311872324214,-0.08467738273323722,0.08804943614318012,0.19285515348817775,159.0,0.02575315840621963,0.2578616352201258,0.10459183673469388,0.15,0.11370262390670553,0.30357142857142855,0.4142857142857143
7,2018-04-16,technical_range_relative,6174.0,392.0,0.30452706852370837,0.04257767429624073,0.06918451578502038,-0.14340274299184896,0.09400008444244015,0.17395529401422444,141.0,0.0228377065111759,0.014184397163120567,0.00510204081632653,0.014285714285714285,0.18756073858114675,0.0663265306122449,0.12142857142857143
7,2018-04-16,technical_range_regime,6174.0,392.0,0.6212440614433251,0.12115585894379448,0.0688025656789028,-0.1370903074119294,0.10181821018998251,0.23759038461159318,307.0,0.04972465176546809,0.20195439739413681,0.15816326530612246,0.22142857142857142,0.22513767411726596,0.413265306122449,0.5
8,2018-07-16,technical,6174.0,554.0,0.5892091807238202,0.13522943197030607,0.0815311239049317,0.010468705721045413,0.027998010113227008,0.12245329745895907,266.0,0.04308390022675737,0.17669172932330826,0.08483754512635379,0.13836477987421383,0.17314544865565273,0.27978339350180503,0.37735849056603776
8,2018-07-16,technical_range,6174.0,554.0,0.6807190025309301,0.1882660514347505,0.08033524024983849,0.024982970266340776,0.037417194793342434,0.15184122559878066,192.0,0.031098153547133137,0.296875,0.10288808664259928,0.1320754716981132,0.10916747651441529,0.26353790613718414,0.32075471698113206
8,2018-07-16,technical_market,6174.0,554.0,0.6808510091601679,0.1584206882691921,0.08222090689069494,0.002096910779646133,0.042994420597716625,0.11166434469799366,136.0,0.02202785876255264,0.11029411764705882,0.02707581227436823,0.0440251572327044,0.047133138969873666,0.07220216606498195,0.11949685534591195
8,2018-07-16,technical_range_market,6174.0,554.0,0.7227973200405977,0.19493995719377757,0.08069003046155236,0.02067693349682309,0.04132379737608685,0.13712473969314176,150.0,0.024295432458697766,0.32,0.08664259927797834,0.09433962264150944,0.08681567865241335,0.2148014440433213,0.2893081761006289
8,2018-07-16,technical_range_beta,6174.0,554.0,0.6855990724205712,0.1903743616262678,0.0801830006904277,0.02683067947294837,0.03690128794371816,0.15167031043982498,201.0,0.03255587949465501,0.2935323383084577,0.10649819494584838,0.13836477987421383,0.11386459345643019,0.27075812274368233,0.3270440251572327
8,2018-07-16,technical_range_relative,6174.0,554.0,0.7043677813893137,0.19700964966168483,0.07974645202220965,0.03212900663916374,0.034523804244287394,0.15098249840735062,221.0,0.03579527048914804,0.2895927601809955,0.11552346570397112,0.14465408805031446,0.1349206349206349,0.30324909747292417,0.36477987421383645
8,2018-07-16,technical_range_regime,6174.0,554.0,0.72400529311253,0.19113135742909046,0.08081947796880247,0.019105848084830734,0.04123900002471091,0.13707410994767427,163.0,0.02640103660511824,0.25153374233128833,0.0740072202166065,0.10062893081761007,0.08487204405571752,0.2003610108303249,0.27044025157232704
9,2018-10-12,technical,6174.0,1333.0,0.5399574433992717,0.25772042846120036,0.18432438156673212,0.03046893347034685,0.1264785120633134,0.11386794506401249,1341.0,0.21720116618075802,0.2587621178225205,0.2603150787696924,0.36597938144329895,0.5239714933592484,0.5678919729932483,0.7216494845360825
9,2018-10-12,technical_range,6174.0,1333.0,0.5692457508097329,0.28299305767668353,0.17619281816782184,0.07324028725267184,0.09087639212389273,0.15746000176411454,1750.0,0.2834467120181406,0.27485714285714286,0.36084021005251316,0.4587628865979381,0.6320051830255912,0.6961740435108777,0.7757731958762887
9,2018-10-12,technical_market,6174.0,1333.0,0.5399551189181306,0.26493860801868063,0.17750385048568249,0.06634436523418352,0.08864238270228993,0.1372327595869211,2233.0,0.36167800453514737,0.24809673085535155,0.4156039009752438,0.5721649484536082,0.6848072562358276,0.7066766691672918,0.8350515463917526
9,2018-10-12,technical_range_market,6174.0,1333.0,0.5662440708297297,0.28868099678006404,0.1791832256878163,0.057510989980249505,0.10383598856052498,0.17704100965714875,1287.0,0.20845481049562684,0.3006993006993007,0.2903225806451613,0.36082474226804123,0.4880142533203758,0.5461365341335334,0.6726804123711341
9,2018-10-12,technical_range_beta,6174.0,1333.0,0.576896238106211,0.2869051316366369,0.17618431113486357,0.0732850335454136,0.09330416670086417,0.1638687284835831,1606.0,0.2601230968577907,0.28704856787048566,0.34583645911477867,0.4252577319587629,0.5921606737933268,0.6744186046511628,0.7551546391752577
9,2018-10-12,technical_range_relative,6174.0,1333.0,0.5675477948189795,0.28458311668394637,0.17669611313758177,0.07059299716189404,0.08284222455261617,0.17282697969047062,1875.0,0.30369290573372204,0.27466666666666667,0.38634658664666166,0.48711340206185566,0.590217039196631,0.6384096024006002,0.7216494845360825
9,2018-10-12,technical_range_regime,6174.0,1333.0,0.5670088251250998,0.2861413508930579,0.17793972123337384,0.06405172099859013,0.09859811257406326,0.16590524075205856,1475.0,0.23890508584386136,0.288135593220339,0.31882970742685673,0.38917525773195877,0.5395205701328151,0.5971492873218305,0.6932989690721649
10,2019-01-15,technical,6174.0,278.0,0.5971442655915973,0.07392368194573876,0.07702459418936748,-0.7559758503760954,0.1853890728770511,0.279100693547534,110.0,0.017816650469711693,0.12727272727272726,0.050359712230215826,0.09,0.06090055069646906,0.13309352517985612,0.2
10,2019-01-15,technical_range,6174.0,278.0,0.6405305877414758,0.08784535624247405,0.07226154522828311,-0.6473897677378613,0.1728930587369538,0.3188254540152213,84.0,0.013605442176870748,0.15476190476190477,0.046762589928057555,0.09,0.06284418529316488,0.19424460431654678,0.25
10,2019-01-15,technical_market,6174.0,278.0,0.5769653612252668,0.07015743046943997,0.07573918231911164,-0.7266715453588337,0.18154684409944355,0.2637444393741595,34.0,0.00550696469063816,0.17647058823529413,0.02158273381294964,0.04,0.022189828312277293,0.0683453237410072,0.1
10,2019-01-15,technical_range_market,6174.0,278.0,0.633216764444618,0.08753011220469306,0.07123248757530785,-0.6239297234976191,0.16959826822070984,0.32183808666059605,64.0,0.010366051182377713,0.15625,0.03597122302158273,0.05,0.05409782960803369,0.16906474820143885,0.26
10,2019-01-15,technical_range_beta,6174.0,278.0,0.6399711302870865,0.08823597916885166,0.07167955823352279,-0.6341218613141082,0.17084390560022678,0.33752394362323745,87.0,0.014091350826044704,0.1839080459770115,0.05755395683453238,0.11,0.06640751538710722,0.19424460431654678,0.27
10,2019-01-15,technical_range_relative,6174.0,278.0,0.614782122741427,0.08453792509741963,0.07441783110228956,-0.6965479095120779,0.17857570791831046,0.29893665664549224,55.0,0.008908325234855847,0.09090909090909091,0.017985611510791366,0.03,0.04859086491739553,0.1618705035971223,0.22
10,2019-01-15,technical_range_regime,6174.0,278.0,0.6501633835401149,0.08979873371941606,0.06963557753414022,-0.5875240079333228,0.16544637319847716,0.3161936244476084,63.0,0.01020408163265306,0.15873015873015872,0.03597122302158273,0.06,0.04518950437317784,0.1474820143884892,0.2
11,2019-04-16,technical,6174.0,438.0,0.6410342752335645,0.1188275251923772,0.06620791828718484,0.0471858722713967,0.03187773219554565,0.06866332531764571,269.0,0.04356980887593132,0.14869888475836432,0.091324200913242,0.13414634146341464,0.195821185617104,0.3835616438356164,0.42073170731707316
11,2019-04-16,technical_range,6174.0,438.0,0.681074189768378,0.17246683548232306,0.0654797030215691,0.05766579387377424,0.03482479332052585,0.08206783126031016,206.0,0.03336572724327826,0.28640776699029125,0.13470319634703196,0.14634146341463414,0.16034985422740525,0.3949771689497717,0.39634146341463417
11,2019-04-16,technical_market,6174.0,438.0,0.6937439101278158,0.1350837572331521,0.06595713815847776,0.050794909615680006,0.032065667805495975,0.07240423487365008,170.0,0.0275348234531908,0.1588235294117647,0.06164383561643835,0.10365853658536585,0.1827016520894072,0.4063926940639269,0.5121951219512195
11,2019-04-16,technical_range_market,6174.0,438.0,0.7176026760410895,0.17919437810984354,0.06520316442530413,0.06164552754007946,0.03313969210866447,0.08311819154901175,208.0,0.03368966634272757,0.2980769230769231,0.1415525114155251,0.15853658536585366,0.17395529640427598,0.4223744292237443,0.47560975609756095
11,2019-04-16,technical_range_beta,6174.0,438.0,0.699805920151825,0.17838450813169238,0.06499888327394127,0.06458538688141868,0.03313950128485252,0.08469781261909462,279.0,0.04518950437317784,0.2831541218637993,0.18036529680365296,0.18902439024390244,0.18982831227729188,0.4429223744292237,0.4695121951219512
11,2019-04-16,technical_range_relative,6174.0,438.0,0.7071694910936615,0.17717171985059013,0.06488969247157987,0.06615677806542597,0.03166881643968558,0.08484916448370562,297.0,0.048104956268221574,0.265993265993266,0.18036529680365296,0.18902439024390244,0.21396177518626497,0.4863013698630137,0.524390243902439
11,2019-04-16,technical_range_regime,6174.0,438.0,0.701060911458831,0.17365296338116443,0.0654184668101697,0.05854705896803125,0.03398691131229706,0.08439526161565689,182.0,0.02947845804988662,0.2967032967032967,0.1232876712328767,0.1524390243902439,0.17249757045675412,0.4018264840182648,0.42073170731707316
12,2019-07-17,technical,6223.0,606.0,0.5336340470436576,0.1336681419816571,0.08769844960031,0.0025261558821976227,0.019276745258672442,0.13407275871403337,363.0,0.058331994215008835,0.19008264462809918,0.11386138613861387,0.17452830188679244,0.2524505865338261,0.33003300330033003,0.4716981132075472
12,2019-07-17,technical_range,6223.0,606.0,0.5973876451202179,0.1583233902018736,0.08653643427341512,0.015742807947589865,0.01644483783784593,0.17062730417005775,411.0,0.06604531576410091,0.22384428223844283,0.15181518151815182,0.19339622641509435,0.2495580909529166,0.3795379537953795,0.45754716981132076
12,2019-07-17,technical_market,6223.0,606.0,0.627351492493027,0.16316764002998904,0.08662023602987133,0.014789654721538925,0.021521714281958267,0.15763716634466837,260.0,0.041780491724248754,0.21923076923076923,0.09405940594059406,0.15566037735849056,0.17869194922063314,0.30528052805280526,0.4009433962264151
12,2019-07-17,technical_range_market,6223.0,606.0,0.6651425334806936,0.18320477860936607,0.08537124047163724,0.02899561168469844,0.021158280917090745,0.180063460606173,315.0,0.05061867266591676,0.2571428571428571,0.13366336633663367,0.17452830188679244,0.19443998071669613,0.3712871287128713,0.44339622641509435
12,2019-07-17,technical_range_beta,6223.0,606.0,0.6374980830822979,0.17182139036961336,0.08577305132756641,0.02442545313687261,0.016233222584699683,0.18185514669920055,358.0,0.057528523220311746,0.24860335195530725,0.14686468646864687,0.19811320754716982,0.2257753495098827,0.3976897689768977,0.4811320754716981
12,2019-07-17,technical_range_relative,6223.0,606.0,0.6338469791433479,0.16847838826765035,0.08588736138061387,0.023125301440300894,0.015011062795318391,0.18025384345885603,384.0,0.06170657239273662,0.234375,0.1485148514851485,0.18867924528301888,0.2371846376345814,0.40924092409240925,0.4858490566037736
12,2019-07-17,technical_range_regime,6223.0,606.0,0.6246863158810095,0.16731030176525974,0.08616163080564243,0.02000578702523359,0.019765645100342826,0.174502337535201,336.0,0.05399325084364454,0.24107142857142858,0.13366336633663367,0.1792452830188679,0.2145267555841234,0.3564356435643564,0.4481132075471698
13,2019-10-15,technical,6237.0,154.0,0.6547457145846098,0.047573180350426396,0.028126611377465586,0.07991961570858608,0.06512911304134648,0.1372600821626228,128.0,0.020522687189353857,0.1015625,0.08441558441558442,0.13333333333333333,0.07920474587141253,0.17532467532467533,0.23333333333333334
13,2019-10-15,technical_range,6237.0,154.0,0.6765138527426872,0.07234249989326351,0.02706006011360699,0.11480874200780744,0.057260204734988954,0.1746007379296523,82.0,0.013147346480679814,0.14634146341463414,0.07792207792207792,0.08333333333333333,0.07471540804874138,0.15584415584415584,0.18333333333333332
13,2019-10-15,technical_market,6237.0,154.0,0.5853208110318089,0.04015303511726771,0.029877665745296624,0.022638958822917776,0.07079731978066058,0.18562301830576627,237.0,0.037999037999038,0.05907172995780591,0.09090909090909091,0.16666666666666666,0.17797017797017797,0.33766233766233766,0.4166666666666667
13,2019-10-15,technical_range_market,6237.0,154.0,0.6066267285238187,0.06286902421881115,0.02982350695184845,0.024410606420981473,0.06793273579451715,0.22581698694357322,192.0,0.030784030784030785,0.07291666666666667,0.09090909090909091,0.13333333333333333,0.15424082090748759,0.2662337662337662,0.38333333333333336
13,2019-10-15,technical_range_beta,6237.0,154.0,0.6443612281192423,0.0724636767693819,0.02759528429648003,0.09730043767455154,0.05908455085024984,0.2011420119313353,102.0,0.016354016354016353,0.11764705882352941,0.07792207792207792,0.1,0.10213243546576879,0.19480519480519481,0.26666666666666666
13,2019-10-15,technical_range_relative,6237.0,154.0,0.6331366315749021,0.0693327423609,0.027484426821947277,0.1009268179164099,0.05714402251226697,0.19837312392683645,127.0,0.02036235369568703,0.10236220472440945,0.08441558441558442,0.13333333333333333,0.0920314253647587,0.19480519480519481,0.2833333333333333
13,2019-10-15,technical_range_regime,6237.0,154.0,0.638333144744455,0.058770965217335325,0.02857278457774623,0.06532435558053384,0.06479619845030714,0.20232617164130942,121.0,0.019400352733686066,0.09090909090909091,0.07142857142857142,0.08333333333333333,0.12522045855379188,0.22077922077922077,0.35
14,2020-01-15,technical,6237.0,2392.0,0.6448048544998282,0.48781469320110826,0.3415957266069694,-0.11638315750877148,0.33279365813998685,0.03535958669687599,3569.0,0.5722302388969056,0.4836088540207341,0.7215719063545151,0.7741312741312741,0.7102773769440436,0.8198160535117057,0.915057915057915
14,2020-01-15,technical_range,6237.0,2392.0,0.6364652874123107,0.47240959584021447,0.3278545793620225,-0.07147514445638037,0.3152441801914388,0.04029528873810483,3398.0,0.5448132114798782,0.4849911712772219,0.6889632107023411,0.7200772200772201,0.6746833413500081,0.7872073578595318,0.8648648648648649
14,2020-01-15,technical_market,6237.0,2392.0,0.3542737821346404,0.3100421759449603,0.37271979380982745,-0.21810101201349164,0.3675139155642638,0.035954583520602885,143.0,0.02292768959435626,0.3076923076923077,0.01839464882943144,0.03667953667953668,0.07519640852974187,0.05727424749163879,0.11003861003861004
14,2020-01-15,technical_range_market,6237.0,2392.0,0.3626047596887762,0.30665440735465743,0.3730401861942506,-0.21914809964926762,0.367648475323208,0.03816707664518483,177.0,0.02837902837902838,0.24293785310734464,0.01797658862876254,0.032818532818532815,0.0700657367324034,0.046822742474916385,0.09652509652509653
14,2020-01-15,technical_range_beta,6237.0,2392.0,0.6590157482027217,0.4926782875706045,0.35005075323452406,-0.1440153805961244,0.3439868631576402,0.03897283883259604,2523.0,0.4045214045214045,0.5434007134363853,0.5731605351170569,0.6138996138996139,0.5730319063652397,0.7278428093645485,0.747104247104247
14,2020-01-15,technical_range_relative,6237.0,2392.0,0.6703563242885909,0.5008856717190705,0.35018513518381617,-0.14445455981640642,0.344773714674511,0.03896033297501391,2611.0,0.4186307519640853,0.5515128303332056,0.6020066889632107,0.611969111969112,0.5568382235048902,0.729933110367893,0.7548262548262549
14,2020-01-15,technical_range_regime,6237.0,2392.0,0.3534909385859236,0.30602908953810404,0.373559475497414,-0.22084521055192563,0.3680899598731105,0.038570379179236135,152.0,0.024370691037357704,0.26973684210526316,0.017140468227424748,0.032818532818532815,0.07263107263107263,0.05309364548494983,0.11196911196911197
15,2020-04-16,technical,6237.0,1044.0,0.5550038624054043,0.20492018501214798,0.1623969211005714,-0.07692512357269998,0.1436432374742656,0.612210847019541,2.0,0.000320666987333654,0.0,0.0,0.0,0.014590347923681257,0.027777777777777776,0.035897435897435895
15,2020-04-16,technical_range,6237.0,1044.0,0.5833586031299134,0.22316492231952595,0.17189507565423373,-0.1399115471889505,0.18133197134584134,0.5556579821030033,5.0,0.000801667468334135,0.0,0.0,0.0,0.011864678531345199,0.027777777777777776,0.017948717948717947
15,2020-04-16,technical_market,6237.0,1044.0,0.34252840362025805,0.12183929515748582,0.20852959098574608,-0.3828510665039879,0.25530990696570705,0.47216126646309686,5.0,0.000801667468334135,0.2,0.0009578544061302681,0.002564102564102564,0.09122975789642457,0.044061302681992334,0.09230769230769231
15,2020-04-16,technical_range_market,6237.0,1044.0,0.32193683952683133,0.11992723904998902,0.21224901991049439,-0.4075162290406831,0.26337456444494534,0.4551800523956403,56.0,0.008978675645342313,0.08928571428571429,0.004789272030651341,0.01282051282051282,0.3620330286996954,0.1839080459770115,0.3
15,2020-04-16,technical_range_beta,6237.0,1044.0,0.5833857174371926,0.2236299801801433,0.16345729487761995,-0.0839569265966873,0.1563608358251942,0.575164131505336,4.0,0.000641333974667308,0.0,0.0,0.0,0.015873015873015872,0.032567049808429116,0.02564102564102564
15,2020-04-16,technical_range_relative,6237.0,1044.0,0.569924847256069,0.22498428345942934,0.15973091357652774,-0.059245659806891116,0.1385853970324376,0.5834594913254689,6.0,0.000962000962000962,1.0,0.005747126436781609,0.005128205128205128,0.013628346961680296,0.03735632183908046,0.028205128205128206
15,2020-04-16,technical_range_regime,6237.0,1044.0,0.3144639888798139,0.11676159809824178,0.21285607314777394,-0.41154186498342127,0.26163161658765455,0.4589135750133456,21.0,0.003367003367003367,0.047619047619047616,0.0009578544061302681,0.002564102564102564,0.42712842712842713,0.2078544061302682,0.3435897435897436
16,2020-07-16,technical,6237.0,580.0,0.6319320585420565,0.161280327549504,0.09172963601277427,-0.05835430744403891,0.08755797938003906,0.19164496364592432,64.0,0.010261343594676928,0.28125,0.03103448275862069,0.039473684210526314,0.057399390732724064,0.14482758620689656,0.18421052631578946
16,2020-07-16,technical_range,6237.0,580.0,0.6634383400486429,0.17418484060154465,0.09022191058584167,-0.040958536901410714,0.0851606579209236,0.20583602702069373,60.0,0.00962000962000962,0.2833333333333333,0.029310344827586206,0.039473684210526314,0.0481000481000481,0.12586206896551724,0.15789473684210525
16,2020-07-16,technical_market,6237.0,580.0,0.3800049374287578,0.07523329481862628,0.09213503492868334,-0.06303170187767382,0.08695121878719234,0.19657437073335382,0.0,0.0,,0.0,0.0,0.000641333974667308,0.0,0.0
16,2020-07-16,technical_range_market,6237.0,580.0,0.3663785483959452,0.07252882108260354,0.09241984344895349,-0.06631775355439351,0.08970296726732552,0.18471186766878525,0.0,0.0,,0.0,0.0,0.0,0.0,0.0
16,2020-07-16,technical_range_beta,6237.0,580.0,0.6767864653496126,0.17946121857238914,0.0895297268407978,-0.03297228861838142,0.08354476389278465,0.21471037991193317,83.0,0.013307679974346641,0.27710843373493976,0.039655172413793106,0.05701754385964912,0.0700657367324034,0.1706896551724138,0.2149122807017544
16,2020-07-16,technical_range_relative,6237.0,580.0,0.6742043729770257,0.1785519222030843,0.0897492973603764,-0.03550564005511192,0.08505520519187482,0.21327080836939905,94.0,0.015071348404681738,0.2978723404255319,0.04827586206896552,0.05701754385964912,0.08160974827641494,0.19655172413793104,0.2324561403508772
16,2020-07-16,technical_range_regime,6237.0,580.0,0.6299208182721436,0.20268391955983078,0.09249974965915729,-0.06723969204054381,0.09044178349132992,0.18409828932416147,60.0,0.00962000962000962,0.45,0.04655172413793104,0.05701754385964912,0.08273208273208273,0.21379310344827587,0.2412280701754386
17,2020-10-14,technical,6250.0,543.0,0.5627998442028319,0.10948499580060819,0.08045898421416484,0.06029111677337329,0.020836872916843528,0.18089403046482877,352.0,0.05632,0.11931818181818182,0.07734806629834254,0.14150943396226415,0.20688,0.26887661141804786,0.3867924528301887
17,2020-10-14,technical_range,6250.0,543.0,0.5503050920310135,0.10680505070266011,0.08059951326884301,0.05864982832905219,0.023853846869688413,0.20553864928056284,227.0,0.03632,0.11013215859030837,0.04604051565377532,0.08490566037735849,0.17632,0.22099447513812154,0.330188679245283
17,2020-10-14,technical_market,6250.0,543.0,0.6007181255548338,0.11956570139049051,0.07910796356349174,0.07607016393957677,0.016674445590255993,0.19598872892431066,161.0,0.02576,0.16149068322981366,0.04788213627992634,0.08490566037735849,0.15568,0.20257826887661143,0.3160377358490566
17,2020-10-14,technical_range_market,6250.0,543.0,0.5809117490361906,0.11632931316348075,0.07962061758659103,0.07008269660782462,0.024059081016546777,0.20905092293974625,161.0,0.02576,0.17391304347826086,0.05156537753222836,0.08962264150943396,0.15984,0.19889502762430938,0.330188679245283
17,2020-10-14,technical_range_beta,6250.0,543.0,0.5664972840371474,0.11329439930200957,0.07995283612797083,0.06620259897104352,0.02156992626601025,0.21777196520068348,176.0,0.02816,0.125,0.040515653775322284,0.07547169811320754,0.14608,0.22467771639042358,0.330188679245283
17,2020-10-14,technical_range_relative,6250.0,543.0,0.5837037065721041,0.11543432436212411,0.079865104561609,0.0672272469088071,0.019519778039573353,0.21506769559649108,201.0,0.03216,0.13930348258706468,0.05156537753222836,0.08962264150943396,0.17056,0.24861878453038674,0.38207547169811323
17,2020-10-14,technical_range_regime,6250.0,543.0,0.5601472909266866,0.10554366915979423,0.08019863015960416,0.06333188369635001,0.01959919470087914,0.19811732094390275,219.0,0.03504,0.091324200913242,0.03683241252302026,0.07547169811320754,0.18144,0.20257826887661143,0.3584905660377358
18,2021-01-14,technical,6300.0,685.0,0.6515568959577773,0.22805680098669096,0.09559057611363177,0.04560766484102374,0.02169776302022358,0.11872786292245192,264.0,0.0419047619047619,0.35984848484848486,0.1386861313868613,0.19678714859437751,0.18333333333333332,0.3518248175182482,0.40160642570281124
18,2021-01-14,technical_range,6300.0,685.0,0.6218156528069365,0.2243627614605072,0.09605536191409675,0.04096716550009283,0.020755913255772432,0.10954949044154617,338.0,0.05365079365079365,0.33136094674556216,0.1635036496350365,0.1927710843373494,0.20809523809523808,0.3562043795620438,0.42971887550200805
18,2021-01-14,technical_market,6300.0,685.0,0.6325234155124113,0.15507939973864487,0.09645050881472554,0.037021952608252584,0.02494260160510206,0.12901663081896886,415.0,0.06587301587301587,0.14698795180722893,0.08905109489051095,0.1285140562248996,0.16666666666666666,0.27007299270072993,0.3293172690763052
18,2021-01-14,technical_range_market,6300.0,685.0,0.6270394082586399,0.16621064045380773,0.09627507352312643,0.03877352796668043,0.023019881683639946,0.11887401952156956,463.0,0.0734920634920635,0.17494600431965443,0.11824817518248175,0.1646586345381526,0.18365079365079365,0.2934306569343066,0.3654618473895582
18,2021-01-14,technical_range_beta,6300.0,685.0,0.6385307862802321,0.22663063680492532,0.09568602761821647,0.04465466101932125,0.02014104968774896,0.11431677809207327,406.0,0.06444444444444444,0.31527093596059114,0.18686131386861313,0.2248995983935743,0.22650793650793652,0.39124087591240875,0.4578313253012048
18,2021-01-14,technical_range_relative,6300.0,685.0,0.6330673183794711,0.22314074508617246,0.0955001102176344,0.04651089151088439,0.020097475034508334,0.11940452215801288,382.0,0.06063492063492063,0.3089005235602094,0.17226277372262774,0.21285140562248997,0.2357142857142857,0.4043795620437956,0.46586345381526106
18,2021-01-14,technical_range_regime,6300.0,685.0,0.6274444754990217,0.17678261283578284,0.09632215289273138,0.03830347964892933,0.022726508034865117,0.11274789706362118,466.0,0.07396825396825397,0.18025751072961374,0.12262773722627737,0.14859437751004015,0.18079365079365078,0.28613138686131384,0.3453815261044177
19,2021-04-16,technical,6300.0,444.0,0.6384942832176439,0.11314789281122664,0.06528837039519621,0.1598977629751095,0.022951160566872242,0.1993458964789255,149.0,0.02365079365079365,0.14093959731543623,0.0472972972972973,0.09659090909090909,0.10222222222222223,0.19369369369369369,0.2840909090909091
19,2021-04-16,technical_range,6300.0,444.0,0.6506762910451435,0.11796304087187603,0.06510993123334571,0.16219384018052985,0.02342450608657571,0.18879558666120902,148.0,0.02349206349206349,0.17567567567567569,0.05855855855855856,0.09659090909090909,0.10301587301587302,0.17567567567567569,0.23863636363636365
19,2021-04-16,technical_market,6300.0,444.0,0.6492763255058337,0.12245970758069762,0.06542156317617963,0.1581838964383523,0.03347291145130203,0.18205423646531707,130.0,0.020634920634920634,0.18461538461538463,0.05405405405405406,0.06818181818181818,0.14222222222222222,0.28603603603603606,0.3465909090909091
19,2021-04-16,technical_range_market,6300.0,444.0,0.6631475225225225,0.12839629350072884,0.06508384309961776,0.16252953089193822,0.032456613270713884,0.19130153626643548,166.0,0.026349206349206348,0.18674698795180722,0.06981981981981981,0.09659090909090909,0.13777777777777778,0.2927927927927928,0.3409090909090909
19,2021-04-16,technical_range_beta,6300.0,444.0,0.6987370310884654,0.15034693972491242,0.06393589660949364,0.17730080498716516,0.0252605636699871,0.20801330928691011,220.0,0.03492063492063492,0.20909090909090908,0.1036036036036036,0.13636363636363635,0.12714285714285714,0.2972972972972973,0.35795454545454547
19,2021-04-16,technical_range_relative,6300.0,444.0,0.6705269562595382,0.13828695926841877,0.064398352736046,0.17135012151795292,0.025659705792662243,0.20320277136537332,204.0,0.03238095238095238,0.20098039215686275,0.09234234234234234,0.125,0.11587301587301588,0.268018018018018,0.32386363636363635
19,2021-04-16,technical_range_regime,6300.0,444.0,0.6441356828139615,0.10545512211598478,0.06574989732659066,0.15395903598338423,0.03065788355150236,0.18677441397615685,78.0,0.012380952380952381,0.10256410256410256,0.018018018018018018,0.03977272727272727,0.11619047619047619,0.1891891891891892,0.26704545454545453
20,2021-07-16,technical,6300.0,344.0,0.5869350039826948,0.08330378199856359,0.05128965731073697,0.07848236191329805,0.006280119613226203,0.09353401410397372,259.0,0.04111111111111111,0.11969111969111969,0.09011627906976744,0.16541353383458646,0.18761904761904763,0.27906976744186046,0.44360902255639095
20,2021-07-16,technical_range,6300.0,344.0,0.6314299045715088,0.0979201045258053,0.05098591120169678,0.0839397467284263,0.005171960470404242,0.11309938837133443,260.0,0.04126984126984127,0.1076923076923077,0.08139534883720931,0.13533834586466165,0.1907936507936508,0.34011627906976744,0.46616541353383456
20,2021-07-16,technical_market,6300.0,344.0,0.6104831750667686,0.0806041879599255,0.051281076892095406,0.07863652568695068,0.0015715063882109025,0.14850189119200508,69.0,0.010952380952380953,0.08695652173913043,0.01744186046511628,0.045112781954887216,0.18571428571428572,0.29651162790697677,0.39849624060150374
20,2021-07-16,technical_range_market,6300.0,344.0,0.6282759617036563,0.08776614710413536,0.05111760442925114,0.08157362384184386,0.0013567134825704997,0.17108343467767873,57.0,0.009047619047619047,0.07017543859649122,0.011627906976744186,0.015037593984962405,0.21,0.36627906976744184,0.44360902255639095
20,2021-07-16,technical_range_beta,6300.0,344.0,0.6476291252128008,0.10263009810957609,0.0507846851540735,0.0875551608655083,0.003302637176788365,0.16106007564829158,82.0,0.013015873015873015,0.15853658536585366,0.0377906976744186,0.06766917293233082,0.22095238095238096,0.42151162790697677,0.5112781954887218
20,2021-07-16,technical_range_relative,6300.0,344.0,0.6489332625298703,0.10101557487374792,0.050725934318270646,0.08861073296880118,0.0027676125243869523,0.16758355034678807,59.0,0.009365079365079364,0.1864406779661017,0.03197674418604651,0.06015037593984962,0.2046031746031746,0.3953488372093023,0.518796992481203
20,2021-07-16,technical_range_regime,6300.0,344.0,0.6027662158152031,0.08429049912602117,0.05144749920284649,0.07564642782376674,0.006484157947226791,0.13047027242391668,217.0,0.034444444444444444,0.0967741935483871,0.061046511627906974,0.08270676691729323,0.16317460317460317,0.25872093023255816,0.3308270676691729
21,2021-10-14,technical,6300.0,732.0,0.6460296149739339,0.1998567003435711,0.1019620768602893,0.014668377696490764,0.03994783502109774,0.10095982849883067,811.0,0.12873015873015872,0.23674475955610358,0.26229508196721313,0.33858267716535434,0.3136507936507936,0.47404371584699456,0.594488188976378
21,2021-10-14,technical_range,6300.0,732.0,0.6690870646473213,0.22750090833405276,0.09940351106942527,0.039393607498711236,0.034149957777006065,0.12322368067972296,695.0,0.11031746031746031,0.28345323741007195,0.2691256830601093,0.33858267716535434,0.32857142857142857,0.5095628415300546,0.594488188976378
21,2021-10-14,technical_market,6300.0,732.0,0.6469771645939326,0.20656646952242624,0.10143043806795446,0.01980597914461102,0.04132404204221422,0.11048721420299436,752.0,0.11936507936507937,0.2646276595744681,0.2718579234972678,0.3110236220472441,0.25682539682539685,0.4057377049180328,0.4645669291338583
21,2021-10-14,technical_range_market,6300.0,732.0,0.6578649071980404,0.22129036594619741,0.09979290238227843,0.03563064399483684,0.03679110710379031,0.12045945081391805,739.0,0.1173015873015873,0.2665764546684709,0.2691256830601093,0.3228346456692913,0.27746031746031746,0.41939890710382516,0.49606299212598426
21,2021-10-14,technical_range_beta,6300.0,732.0,0.6702740778688524,0.22799318271243246,0.09918430700147213,0.04151193135541087,0.03709123471749021,0.1322833221918229,604.0,0.09587301587301587,0.30960264900662254,0.25546448087431695,0.3110236220472441,0.2542857142857143,0.41120218579234974,0.484251968503937
21,2021-10-14,technical_range_relative,6300.0,732.0,0.6694977839802776,0.22550746644542435,0.0994293462631586,0.03914394375962649,0.03801362289085987,0.12796451026868236,623.0,0.09888888888888889,0.3001605136436597,0.25546448087431695,0.3031496062992126,0.2492063492063492,0.4057377049180328,0.47244094488188976
21,2021-10-14,technical_range_regime,6300.0,732.0,0.6614870395232711,0.22508031711502036,0.09977157340095472,0.035836761018115726,0.033812063980925185,0.11670553932383299,783.0,0.12428571428571429,0.25925925925925924,0.2773224043715847,0.32677165354330706,0.36063492063492064,0.5437158469945356,0.6259842519685039
22,2022-01-13,technical,6300.0,1283.0,0.6672575907541792,0.32267329252915505,0.16177993616623298,0.08664057044916318,0.08251923577693487,0.20017147561661594,702.0,0.11142857142857143,0.3789173789173789,0.2073265783320343,0.25870646766169153,0.37063492063492065,0.5479345284489477,0.5870646766169154
22,2022-01-13,technical_range,6300.0,1283.0,0.6464034752612746,0.32602282194321314,0.1577963122110208,0.10913087789704723,0.06072837096987764,0.2264008419211885,953.0,0.15126984126984128,0.3746065057712487,0.2782540919719408,0.2860696517412935,0.4642857142857143,0.627435697583788,0.6293532338308457
22,2022-01-13,technical_market,6300.0,1283.0,0.6811458344823236,0.35582954613088347,0.16665695606801617,0.059106426098755604,0.11115013720951834,0.18671834853051822,399.0,0.06333333333333334,0.45864661654135336,0.1426344505066251,0.16169154228855723,0.19396825396825396,0.36399064692127825,0.39303482587064675
22,2022-01-13,technical_range_market,6300.0,1283.0,0.6651130505463032,0.34354567208207415,0.16306509930562105,0.07938493727432294,0.09881903677332468,0.20826781108059014,588.0,0.09333333333333334,0.46938775510204084,0.2151208106001559,0.22388059701492538,0.2450793650793651,0.4138737334372564,0.43283582089552236
22,2022-01-13,technical_range_beta,6300.0,1283.0,0.6772864699616005,0.34866995295367115,0.1565692710931268,0.1160583721341788,0.0711576014538403,0.223000737693158,958.0,0.15206349206349207,0.40292275574112735,0.3008573655494934,0.2860696517412935,0.37396825396825395,0.5541699142634451,0.5348258706467661
22,2022-01-13,technical_range_relative,6300.0,1283.0,0.6705485060847678,0.34652825587882036,0.15693762188977234,0.11397877758449948,0.06994991368876839,0.22152412465676272,959.0,0.15222222222222223,0.3910323253388947,0.2922837100545596,0.2935323383084577,0.3850793650793651,0.5744349181605611,0.5845771144278606
22,2022-01-13,technical_range_regime,6300.0,1283.0,0.6419971007382382,0.3282531168474299,0.1640632043468245,0.07374994524336631,0.09673290240835643,0.21067812958311996,526.0,0.08349206349206349,0.4543726235741445,0.186282151208106,0.19402985074626866,0.2450793650793651,0.4045206547155105,0.4129353233830846
23,2022-04-14,technical,6300.0,1540.0,0.5942640237913347,0.3287416338227653,0.18110938587713235,0.14447636754635418,0.02302156152874808,0.40639981131506,480.0,0.0761904761904762,0.4,0.12467532467532468,0.17685589519650655,0.27365079365079364,0.37402597402597404,0.4519650655021834
23,2022-04-14,technical_range,6300.0,1540.0,0.5902624686238133,0.30861195099426364,0.1827902910948655,0.1365361156885021,0.03228065769801493,0.4018972124256353,445.0,0.07063492063492063,0.3415730337078652,0.0987012987012987,0.13537117903930132,0.26222222222222225,0.3409090909090909,0.3864628820960699
23,2022-04-14,technical_market,6300.0,1540.0,0.7217492906253411,0.44918958185793245,0.18557180434518117,0.1233968169817945,0.09372249912019893,0.480929297632712,50.0,0.007936507936507936,0.72,0.023376623376623377,0.03056768558951965,0.032857142857142856,0.09350649350649351,0.12445414847161572
23,2022-04-14,technical_range_market,6300.0,1540.0,0.7127282276546982,0.44606930601110845,0.186443000206053,0.11928146622919844,0.09580025586791498,0.5098291561513295,35.0,0.005555555555555556,0.6857142857142857,0.015584415584415584,0.021834061135371178,0.028253968253968254,0.07922077922077922,0.10698689956331878
23,2022-04-14,technical_range_beta,6300.0,1540.0,0.6071275783040488,0.31997065572586647,0.18187501315845128,0.14085970113424473,0.03829758153972996,0.44460400413375245,355.0,0.05634920634920635,0.37464788732394366,0.08636363636363636,0.10480349344978165,0.23936507936507936,0.32792207792207795,0.37336244541484714
23,2022-04-14,technical_range_relative,6300.0,1540.0,0.6144109461966605,0.32824394973456295,0.18038618033789877,0.1478926423403919,0.031218991571268458,0.41859329191097305,327.0,0.051904761904761905,0.37920489296636084,0.08051948051948052,0.11135371179039301,0.22015873015873016,0.31363636363636366,0.39737991266375544
23,2022-04-14,technical_range_regime,6300.0,1540.0,0.7118601986249045,0.4414013385012875,0.18700924202788746,0.11660665587678731,0.09627241951866733,0.4730496640736308,40.0,0.006349206349206349,0.725,0.01883116883116883,0.026200873362445413,0.02396825396825397,0.06493506493506493,0.09388646288209607
24,2022-07-18,technical,6300.0,1250.0,0.6300321584158416,0.2906195888147111,0.15579324442145542,0.07102490433690789,0.03937761703604552,0.35393106057430973,80.0,0.012698412698412698,0.425,0.0272,0.04228855721393035,0.08,0.1472,0.17661691542288557
24,2022-07-18,technical_range,6300.0,1250.0,0.6075423366336634,0.27769220266540967,0.1553796320645235,0.0734912216684146,0.023303802717803638,0.3878673772074626,58.0,0.009206349206349206,0.3448275862068966,0.016,0.03233830845771144,0.07777777777777778,0.1472,0.15671641791044777
24,2022-07-18,technical_market,6300.0,1250.0,0.6244476831683168,0.28081156437412175,0.15793317309569382,0.05826478465235352,0.038395142647842564,0.28102115687731083,38.0,0.006031746031746032,0.3684210526315789,0.0112,0.024875621890547265,0.044126984126984126,0.088,0.11194029850746269
24,2022-07-18,technical_range_market,6300.0,1250.0,0.6143854257425742,0.2719181321258268,0.15609792090768967,0.06920815760314025,0.0231718098126474,0.31843937578032405,36.0,0.005714285714285714,0.2777777777777778,0.008,0.01990049751243781,0.045396825396825394,0.0832,0.09950248756218906
24,2022-07-18,technical_range_beta,6300.0,1250.0,0.6223071683168316,0.28737048195625675,0.15448147392894987,0.07884682320950542,0.025436784431743742,0.40248668804396337,65.0,0.010317460317460317,0.3384615384615385,0.0176,0.03233830845771144,0.0865079365079365,0.1616,0.17164179104477612
24,2022-07-18,technical_range_relative,6300.0,1250.0,0.6099038415841584,0.28056563795773126,0.15514437471307416,0.07489403102243808,0.02129249461603018,0.4000326836629723,60.0,0.009523809523809525,0.3333333333333333,0.016,0.029850746268656716,0.08174603174603175,0.1536,0.16666666666666666
24,2022-07-18,technical_range_regime,6300.0,1250.0,0.6121029702970298,0.2726813170046556,0.15626494472755476,0.06821221602933591,0.023726121697550596,0.3178608434812597,31.0,0.004920634920634921,0.2903225806451613,0.0072,0.017412935323383085,0.041746031746031746,0.0792,0.0945273631840796
25,2022-10-14,technical,6300.0,669.0,0.6344217720662817,0.18690375253870242,0.1025533913461024,-0.05314233224023823,0.09549277410291512,0.34466050055116315,529.0,0.08396825396825397,0.2514177693761815,0.19880418535127056,0.2079646017699115,0.2357142857142857,0.40358744394618834,0.3938053097345133
25,2022-10-14,technical_range,6300.0,669.0,0.6855749150748087,0.22119812062054905,0.10063839986602571,-0.03347688220415024,0.10143617200799816,0.28717630524679244,670.0,0.10634920634920635,0.2865671641791045,0.28699551569506726,0.27876106194690264,0.3449206349206349,0.5814648729446936,0.5398230088495575
25,2022-10-14,technical_market,6300.0,669.0,0.6219263478199237,0.18062979215596675,0.10174850571840377,-0.04487679254413535,0.08965121877709545,0.35568909118826386,332.0,0.052698412698412696,0.2620481927710843,0.13004484304932734,0.1504424778761062,0.20142857142857143,0.3542600896860987,0.36283185840707965
25,2022-10-14,technical_range_market,6300.0,669.0,0.6741904134676209,0.20617251279050453,0.10072468460106743,-0.03436295828516345,0.09870782947326151,0.28572226598536354,575.0,0.09126984126984126,0.2747826086956522,0.23617339312406577,0.23008849557522124,0.32492063492063494,0.5500747384155455,0.49557522123893805
25,2022-10-14,technical_range_beta,6300.0,669.0,0.6919627866133955,0.22377665238352462,0.10040059836971504,-0.03103484865316175,0.10231055900106588,0.30464489410550494,598.0,0.09492063492063492,0.2976588628762542,0.26606875934230195,0.26548672566371684,0.336031746031746,0.5874439461883408,0.5442477876106194
25,2022-10-14,technical_range_relative,6300.0,669.0,0.692979738735417,0.22446596873969582,0.10014753991094863,-0.028436138147733825,0.10079719369801438,0.29751722627552557,589.0,0.09349206349206349,0.300509337860781,0.2645739910313901,0.25663716814159293,0.33174603174603173,0.5754857997010463,0.5353982300884956
25,2022-10-14,technical_range_regime,6300.0,669.0,0.666996359837001,0.209214722654189,0.10107900999586036,-0.03800160024274457,0.09979006274156763,0.27955317764034254,637.0,0.10111111111111111,0.27472527472527475,0.2615844544095665,0.2610619469026549,0.33984126984126983,0.5620328849028401,0.5176991150442478
26,2023-01-17,technical,6300.0,590.0,0.6476422571165663,0.19993200540531675,0.08180683316208166,0.11801761127060162,0.004079953138565024,0.2240158932855854,126.0,0.02,0.35714285714285715,0.07627118644067797,0.07692307692307693,0.10841269841269842,0.23559322033898306,0.26495726495726496
26,2023-01-17,technical_range,6300.0,590.0,0.6282872747781175,0.1869671246749387,0.08214256225401022,0.11439802186688486,0.013213636812954588,0.2603829371089387,140.0,0.022222222222222223,0.35714285714285715,0.0847457627118644,0.07692307692307693,0.0873015873015873,0.23220338983050848,0.2606837606837607
26,2023-01-17,technical_market,6300.0,590.0,0.6537166434147644,0.1843142460019162,0.08310564040506618,0.10401480648781614,0.022356896198996307,0.23160144638376792,431.0,0.06841269841269841,0.2273781902552204,0.16610169491525423,0.18803418803418803,0.1984126984126984,0.35084745762711866,0.37606837606837606
26,2023-01-17,technical_range_market,6300.0,590.0,0.6465270563091811,0.17917522110083337,0.08288192329071502,0.10642676337806956,0.020739416753244064,0.26017179491247355,291.0,0.04619047619047619,0.24398625429553264,0.12033898305084746,0.1452991452991453,0.163015873015873,0.3152542372881356,0.3333333333333333
26,2023-01-17,technical_range_beta,6300.0,590.0,0.638698388197928,0.17624570084589902,0.08309073333943778,0.10417552373897576,0.02202350432967446,0.27248294884225666,246.0,0.039047619047619046,0.25609756097560976,0.10677966101694915,0.13675213675213677,0.1353968253968254,0.2796610169491525,0.3034188034188034
26,2023-01-17,technical_range_relative,6300.0,590.0,0.6394624358099084,0.17430917711910857,0.08323412884061784,0.10262953666460428,0.023495699191702538,0.26525494624730356,271.0,0.043015873015873014,0.24723247232472326,0.1135593220338983,0.13675213675213677,0.15253968253968253,0.2983050847457627,0.3162393162393162
26,2023-01-17,technical_range_regime,6300.0,590.0,0.6372626079729289,0.1944800118960057,0.08175462384963027,0.11858049449599883,0.005651091845631314,0.26472755630431993,177.0,0.028095238095238097,0.3389830508474576,0.1016949152542373,0.09401709401709402,0.12031746031746032,0.2864406779661017,0.3076923076923077
27,2023-04-18,technical,6300.0,417.0,0.5965720029789529,0.09220128765328811,0.06248552660933232,0.20362645989493233,0.023385717894072875,0.1816508814243143,211.0,0.03349206349206349,0.12322274881516587,0.06235011990407674,0.0975609756097561,0.12984126984126984,0.20863309352517986,0.27439024390243905
27,2023-04-18,technical_range,6300.0,417.0,0.6296225640599198,0.11784718246419008,0.061223659129863724,0.21970887011531415,0.02266695573059419,0.18170106944950848,190.0,0.03015873015873016,0.22105263157894736,0.10071942446043165,0.11585365853658537,0.1288888888888889,0.26139088729016785,0.3048780487804878
27,2023-04-18,technical_market,6300.0,417.0,0.609581483207111,0.1000432640467448,0.06351500603130873,0.19050581874437467,0.04468437213773541,0.1911718241410434,354.0,0.05619047619047619,0.12429378531073447,0.10551558752997602,0.13414634146341464,0.2704761904761905,0.4148681055155875,0.49390243902439024
27,2023-04-18,technical_range_market,6300.0,417.0,0.6097290449129733,0.1076911039891683,0.06385780132218652,0.18613691743008343,0.04882606281411344,0.19564616408524865,424.0,0.0673015873015873,0.1391509433962264,0.14148681055155876,0.17073170731707318,0.30587301587301585,0.4676258992805755,0.5426829268292683
27,2023-04-18,technical_range_beta,6300.0,417.0,0.6222302117510479,0.1060880237672038,0.06207529537102506,0.20885482750644324,0.032039952304701885,0.17783730240231088,237.0,0.03761904761904762,0.13924050632911392,0.07913669064748201,0.09146341463414634,0.1892063492063492,0.3597122302158273,0.3719512195121951
27,2023-04-18,technical_range_relative,6300.0,417.0,0.6228689664280814,0.10694329809755067,0.06211517490864776,0.20834656566921972,0.032349415797545814,0.17910031957734532,221.0,0.03507936507936508,0.11764705882352941,0.06235011990407674,0.07926829268292683,0.18841269841269842,0.35251798561151076,0.3780487804878049
27,2023-04-18,technical_range_regime,6300.0,417.0,0.5905178967483841,0.10891924262121132,0.06417365833777972,0.18211134249578487,0.051411452417381084,0.19729163676837386,439.0,0.06968253968253968,0.14578587699316628,0.15347721822541965,0.16463414634146342,0.32857142857142857,0.4844124700239808,0.573170731707317
28,2023-07-19,technical,6300.0,551.0,0.6105198126463405,0.13491775124584077,0.07975404740725586,0.07367469380253877,0.024988311841569313,0.09364877172078628,260.0,0.04126984126984127,0.18846153846153846,0.08892921960072596,0.08979591836734693,0.15841269841269842,0.24682395644283123,0.31020408163265306
28,2023-07-19,technical_range,6300.0,551.0,0.6478579562010153,0.15920744681668572,0.07896345640556371,0.08285723030729819,0.027321118905419793,0.11410982134714102,220.0,0.03492063492063492,0.24545454545454545,0.09800362976406533,0.10204081632653061,0.14476190476190476,0.294010889292196,0.30612244897959184
28,2023-07-19,technical_market,6300.0,551.0,0.6644621221902713,0.17425200645825636,0.07851246951589544,0.08809534150345788,0.02721840750214953,0.10695809157437525,315.0,0.05,0.26666666666666666,0.15245009074410162,0.14285714285714285,0.1619047619047619,0.3484573502722323,0.37551020408163266
28,2023-07-19,technical_range_market,6300.0,551.0,0.669372942315542,0.17383068759390377,0.07832708368912286,0.09024855614688365,0.027727365370119543,0.11607688286382835,299.0,0.04746031746031746,0.26421404682274247,0.14337568058076225,0.1306122448979592,0.15904761904761905,0.35753176043557167,0.3551020408163265
28,2023-07-19,technical_range_beta,6300.0,551.0,0.6658546156058387,0.16945514876256443,0.07828285876805795,0.0907622186490239,0.025249577713870867,0.11382349251261922,364.0,0.057777777777777775,0.23901098901098902,0.15789473684210525,0.1469387755102041,0.18174603174603174,0.3702359346642468,0.363265306122449
28,2023-07-19,technical_range_relative,6300.0,551.0,0.6676325623110024,0.17185916395972595,0.07825685755885196,0.09106421684049171,0.025507037001644185,0.11300045734761446,355.0,0.05634920634920635,0.24507042253521127,0.15789473684210525,0.1510204081632653,0.18095238095238095,0.38475499092558985,0.37142857142857144
28,2023-07-19,technical_range_regime,6300.0,551.0,0.6478030267395987,0.1598708044711804,0.07909152698052742,0.08136971941067439,0.029990552979650403,0.11758153716846037,193.0,0.030634920634920636,0.2538860103626943,0.08892921960072596,0.10204081632653061,0.12047619047619047,0.26860254083484575,0.27755102040816326
29,2023-10-17,technical,6300.0,394.0,0.6096793934070316,0.0841482606638948,0.05886584725456187,0.04582435572727117,0.020521595553352794,0.12753409989100392,407.0,0.0646031746031746,0.09828009828009827,0.10152284263959391,0.12162162162162163,0.21714285714285714,0.33248730964467005,0.39864864864864863
29,2023-10-17,technical_range,6300.0,394.0,0.6662677205147994,0.11786175219115463,0.05778478185946694,0.06334769596571,0.019136248616615618,0.14957476415466012,349.0,0.055396825396825396,0.1518624641833811,0.13451776649746192,0.16216216216216217,0.19746031746031745,0.37817258883248733,0.47297297297297297
29,2023-10-17,technical_market,6300.0,394.0,0.6736185003291844,0.13334638402864704,0.05735728699514309,0.0702770991190449,0.0198713288569964,0.15656247947287333,265.0,0.04206349206349207,0.19245283018867926,0.12944162436548223,0.13513513513513514,0.17539682539682538,0.3680203045685279,0.4189189189189189
29,2023-10-17,technical_range_market,6300.0,394.0,0.6939810843657229,0.14508808910488774,0.05695412966759995,0.07681200723118353,0.020036761568439726,0.15383533758919865,271.0,0.043015873015873014,0.2029520295202952,0.13959390862944163,0.14189189189189189,0.17396825396825397,0.39593908629441626,0.4527027027027027
29,2023-10-17,technical_range_beta,6300.0,394.0,0.6705978261803793,0.135004208140736,0.05720758643589316,0.07270364412318941,0.01803176798536458,0.16543636973312573,245.0,0.03888888888888889,0.2163265306122449,0.13451776649746192,0.13513513513513514,0.17206349206349206,0.3680203045685279,0.42567567567567566
29,2023-10-17,technical_range_relative,6300.0,394.0,0.6730563945123346,0.13690004527149344,0.05715480786258924,0.0735591491661779,0.018713826082273545,0.16757947375641444,254.0,0.040317460317460314,0.2047244094488189,0.1319796954314721,0.13513513513513514,0.17603174603174604,0.3756345177664975,0.43243243243243246
29,2023-10-17,technical_range_regime,6300.0,394.0,0.6857076430920289,0.12341741305406648,0.05771515474767547,0.06447630444330787,0.01984520628551269,0.13193783371522122,374.0,0.059365079365079364,0.16042780748663102,0.15228426395939088,0.1891891891891892,0.20142857142857143,0.39086294416243655,0.4864864864864865
30,2024-01-18,technical,6300.0,440.0,0.6716537387527148,0.1269156979543164,0.0640139527725751,0.023367334609708412,0.0017105875276080314,0.1011657610341923,299.0,0.04746031746031746,0.15384615384615385,0.10454545454545454,0.13855421686746988,0.1742857142857143,0.3613636363636364,0.42168674698795183
30,2024-01-18,technical_range,6300.0,440.0,0.6681515668631709,0.15512719032120295,0.0625622786212314,0.04551488735874576,0.005440031259884543,0.15615432948693095,321.0,0.05095238095238095,0.2803738317757009,0.20454545454545456,0.20481927710843373,0.18126984126984128,0.4,0.4036144578313253
30,2024-01-18,technical_market,6300.0,440.0,0.6613004188644122,0.1368192686585345,0.06330956452758847,0.03411387562733492,0.006911895876586595,0.1259845452470814,347.0,0.05507936507936508,0.19020172910662825,0.15,0.1566265060240964,0.16428571428571428,0.38181818181818183,0.42771084337349397
30,2024-01-18,technical_range_market,6300.0,440.0,0.6559536922122247,0.1511004957013555,0.06273817218614507,0.04283135675820715,0.0049711926328905925,0.1465337365204373,328.0,0.05206349206349206,0.24390243902439024,0.18181818181818182,0.18072289156626506,0.16317460317460317,0.39090909090909093,0.39156626506024095
30,2024-01-18,technical_range_beta,6300.0,440.0,0.6717887061743717,0.16243995028437128,0.06216319001687529,0.05160360631012684,0.00577368304012094,0.16014879346287622,387.0,0.06142857142857143,0.26356589147286824,0.2318181818181818,0.22289156626506024,0.18285714285714286,0.425,0.42168674698795183
30,2024-01-18,technical_range_relative,6300.0,440.0,0.6561061123177164,0.15135852938617606,0.06271569713750191,0.04317424867021147,0.005029217766953576,0.14726836903923887,340.0,0.05396825396825397,0.23823529411764705,0.18409090909090908,0.18072289156626506,0.16412698412698412,0.3931818181818182,0.39156626506024095
30,2024-01-18,technical_range_regime,6300.0,440.0,0.6510095408004964,0.14587740375112085,0.06298510684932689,0.03906398343043738,0.008548366251404692,0.13552030491836015,323.0,0.05126984126984127,0.2693498452012384,0.19772727272727272,0.1927710843373494,0.1742857142857143,0.36818181818181817,0.3795180722891566
31,2024-04-18,technical,6318.0,411.0,0.6230835863425677,0.10910227707856092,0.059987226068942606,0.01641733897963671,0.002848542336414348,0.11056929816525445,360.0,0.05698005698005698,0.15833333333333333,0.1386861313868613,0.19753086419753085,0.22380500158277936,0.41362530413625304,0.4444444444444444
31,2024-04-18,technical_range,6318.0,411.0,0.609943994032401,0.12587782928994293,0.05966663901517038,0.021673855876676806,0.0034240015030264615,0.1170145870379176,382.0,0.06046217157328269,0.19109947643979058,0.17761557177615572,0.18518518518518517,0.2037037037037037,0.36982968369829683,0.4074074074074074
31,2024-04-18,technical_market,6318.0,411.0,0.6629711048420015,0.14075354687191344,0.05902526973874984,0.032190089764094876,0.01378735192929675,0.11316322078953822,482.0,0.07628996517885407,0.1970954356846473,0.23114355231143552,0.2345679012345679,0.21225071225071226,0.48418491484184917,0.4382716049382716
31,2024-04-18,technical_range_market,6318.0,411.0,0.6498685834819261,0.1316038838468716,0.05931617936612859,0.027420179832190583,0.0047978197699519165,0.1155340217610395,476.0,0.07534029756251978,0.19117647058823528,0.22141119221411193,0.2222222222222222,0.22443811332700223,0.45255474452554745,0.4444444444444444
31,2024-04-18,technical_range_beta,6318.0,411.0,0.642899656764192,0.14000467057987956,0.05918434740793053,0.029581767169183815,0.005345162324751103,0.12089663714574611,386.0,0.06109528331750554,0.20466321243523317,0.1922141119221411,0.19753086419753085,0.19278252611585944,0.41119221411192214,0.4012345679012346
31,2024-04-18,technical_range_relative,6318.0,411.0,0.6504736637673064,0.13739626845179592,0.059216862217901386,0.029048636944476458,0.004100235555306414,0.11729636165150793,428.0,0.06774295663184553,0.1985981308411215,0.20681265206812652,0.20987654320987653,0.19863880974992085,0.4306569343065693,0.41358024691358025
31,2024-04-18,technical_range_regime,6318.0,411.0,0.6038153421834048,0.11991210565236995,0.059799028135813406,0.01950313300606832,0.0033537333122614296,0.11375623272741989,457.0,0.07233301677746122,0.18161925601750548,0.20194647201946472,0.2222222222222222,0.24184868629313075,0.39172749391727496,0.4567901234567901
32,2024-07-19,technical,6363.0,577.0,0.6980226579306651,0.1753608629832702,0.08062108281540974,0.028796973303840234,0.02220711654421272,0.11032466942091515,522.0,0.08203677510608204,0.21455938697318008,0.19410745233968804,0.245,0.2726701241552727,0.5199306759098787,0.605
32,2024-07-19,technical_range,6363.0,577.0,0.6923422999758576,0.18001456271300398,0.07930880089634018,0.04460539620231552,0.012824723389085104,0.13421146476433138,692.0,0.10875373251610876,0.23121387283236994,0.2772963604852686,0.3,0.3438629577243439,0.6169844020797227,0.63
32,2024-07-19,technical_market,6363.0,577.0,0.7141789091100793,0.20407733714958898,0.07813972044894102,0.058688740525102756,0.01083659712904638,0.16498325168683667,669.0,0.10513908533710514,0.24514200298953662,0.28422876949740034,0.285,0.3102310231023102,0.5719237435008665,0.625
32,2024-07-19,technical_range_market,6363.0,577.0,0.7150939847034107,0.18180157061032423,0.07878598675418008,0.05090348424000668,0.007933216126919926,0.15440054327277458,709.0,0.11142542825711142,0.22425952045133993,0.2755632582322357,0.325,0.3668081093823668,0.6499133448873483,0.675
32,2024-07-19,technical_range_beta,6363.0,577.0,0.7116427568846334,0.1930133711657513,0.07853213816569748,0.05396147489018588,0.014825412550845312,0.14903520411696886,651.0,0.10231023102310231,0.2565284178187404,0.28942807625649913,0.3,0.30033003300330036,0.584055459272097,0.595
32,2024-07-19,technical_range_relative,6363.0,577.0,0.7205733555148057,0.18559619282393264,0.0787002387546057,0.05193644874273429,0.011410124847384089,0.15578957733339066,686.0,0.1078107810781078,0.22011661807580174,0.2616984402079723,0.32,0.35266383781235267,0.6429809358752167,0.66
32,2024-07-19,technical_range_regime,6363.0,577.0,0.7029395043675016,0.17715848397396122,0.0792689361239344,0.04508562775300917,0.012293656774340649,0.13642890862051685,733.0,0.1151972340091152,0.21691678035470668,0.2755632582322357,0.32,0.3554926921263555,0.6239168110918544,0.64
33,2024-10-17,technical,6363.0,599.0,0.611641076557158,0.14864307907931396,0.08403516184070926,0.02248140914642871,0.0057991773792487565,0.23087492657352054,228.0,0.03583215464403583,0.21052631578947367,0.08013355592654424,0.10176991150442478,0.1999057048561999,0.35058430717863104,0.4247787610619469
33,2024-10-17,technical_range,6363.0,599.0,0.6487692302345223,0.17664827067428862,0.08271341944339669,0.03785625626270461,0.01019577751642394,0.2626807966438016,132.0,0.020744931636020744,0.26515151515151514,0.05843071786310518,0.07079646017699115,0.1305987741631306,0.2871452420701169,0.336283185840708
33,2024-10-17,technical_market,6363.0,599.0,0.600379246465599,0.1455317325211108,0.084248925659115,0.019994853495598375,0.01680864307255079,0.23690077109253224,192.0,0.030174446016030174,0.203125,0.0651085141903172,0.0752212389380531,0.19031903190319033,0.327212020033389,0.3805309734513274
33,2024-10-17,technical_range_market,6363.0,599.0,0.6267379474697014,0.16887457408512405,0.08322484497488666,0.0319072230970846,0.01351265536085751,0.260413515709921,131.0,0.02058777306302059,0.25190839694656486,0.05509181969949917,0.06637168141592921,0.13091309130913092,0.27879799666110183,0.3274336283185841
33,2024-10-17,technical_range_beta,6363.0,599.0,0.6543620584388276,0.1836194708444866,0.08232628484963682,0.04235950531076549,0.007984804915673015,0.2957825483895013,112.0,0.0176017601760176,0.29464285714285715,0.05509181969949917,0.07079646017699115,0.15401540154015403,0.34223706176961605,0.3805309734513274
33,2024-10-17,technical_range_relative,6363.0,599.0,0.6224551328318421,0.1662984064541167,0.08358239814829137,0.02774807272995261,0.015618211276276972,0.2765655437834683,152.0,0.023888103096023888,0.28289473684210525,0.07178631051752922,0.09292035398230089,0.13374194562313374,0.27545909849749584,0.3230088495575221
33,2024-10-17,technical_range_regime,6363.0,599.0,0.627194699933616,0.16768309593359162,0.08318193587165511,0.03240635280906412,0.008920453860860083,0.25074739836560944,135.0,0.021216407355021217,0.24444444444444444,0.05509181969949917,0.0752212389380531,0.12085494263712085,0.2637729549248748,0.3274336283185841
34,2025-01-21,technical,6363.0,1462.0,0.5549177406213478,0.27183279821690576,0.18880640744529067,0.0622892263141982,0.10909709640008401,0.1701163443574685,1097.0,0.1724029545811724,0.2552415679124886,0.19151846785225718,0.33505154639175255,0.3911676881973912,0.4274965800273598,0.6365979381443299
34,2025-01-21,technical_range,6363.0,1462.0,0.574030649542194,0.2793420323255287,0.18460657050884138,0.08314779989927756,0.09088849352168907,0.2032611390356099,1453.0,0.22835140656922834,0.26221610461114936,0.2606019151846785,0.36597938144329895,0.4783906962124784,0.5690834473324213,0.6881443298969072
34,2025-01-21,technical_market,6363.0,1462.0,0.6663660030854419,0.3462643438154339,0.18185619597778918,0.0968075896507774,0.11027731640858662,0.1855352886826209,740.0,0.1162973440201163,0.3891891891891892,0.19699042407660738,0.2757731958762887,0.3759233066163759,0.5540355677154583,0.6443298969072165
34,2025-01-21,technical_range_market,6363.0,1462.0,0.6449752988795107,0.3268106298164753,0.18023984840922583,0.10483521196281087,0.09815165246879075,0.19735321472381412,948.0,0.14898632720414898,0.34810126582278483,0.22571819425444598,0.2963917525773196,0.43925821153543926,0.6073871409028728,0.6984536082474226
34,2025-01-21,technical_range_beta,6363.0,1462.0,0.6038376545058646,0.30269106474354807,0.18374665961794626,0.0874185644231763,0.09835957081711998,0.21881016247743285,1033.0,0.16234480590916234,0.2962245885769603,0.20930232558139536,0.2912371134020619,0.39776834826339774,0.5102599179206566,0.615979381443299
34,2025-01-21,technical_range_relative,6363.0,1462.0,0.6128514212041374,0.2903125667280641,0.18336227064841923,0.08932763987717496,0.09908330459561018,0.18891553700952052,1192.0,0.18733301901618735,0.28104026845637586,0.22913816689466485,0.33505154639175255,0.4464875058934465,0.5827633378932968,0.7139175257731959
34,2025-01-21,technical_range_regime,6363.0,1462.0,0.626367884384409,0.31017111481450116,0.18106278038283952,0.10074810396626854,0.09434538825551143,0.18597773109114393,1222.0,0.19204777620619204,0.31751227495908346,0.265389876880985,0.36597938144329895,0.48530567342448533,0.6367989056087552,0.7422680412371134
35,2025-04-22,technical,6363.0,404.0,0.5676308736763926,0.08901347269715204,0.08035795187747197,-0.3452699914149393,0.144770742822196,0.3161107990818469,86.0,0.013515637278013515,0.11627906976744186,0.024752475247524754,0.03067484662576687,0.10356749960710357,0.1806930693069307,0.2147239263803681
35,2025-04-22,technical_range,6363.0,404.0,0.5968158655100281,0.08350396478684215,0.08111754725750865,-0.35798635422043845,0.1416596773344732,0.37673492485589105,146.0,0.022945151658022946,0.07534246575342465,0.027227722772277228,0.03067484662576687,0.15291529152915292,0.22772277227722773,0.25153374233128833
35,2025-04-22,technical_market,6363.0,404.0,0.4986267547714664,0.07789117923119332,0.0801927133202719,-0.34250373783041677,0.13514993248244636,0.37763844601468977,38.0,0.005972025774005972,0.13157894736842105,0.012376237623762377,0.024539877300613498,0.10938236680810938,0.1608910891089109,0.17791411042944785
35,2025-04-22,technical_range_market,6363.0,404.0,0.5149877296841952,0.0796361385932358,0.08086841475476175,-0.3538156346836523,0.14199880623849429,0.3394584336096287,98.0,0.015401540154015401,0.14285714285714285,0.034653465346534656,0.03680981595092025,0.12824139556812825,0.18811881188118812,0.2085889570552147
35,2025-04-22,technical_range_beta,6363.0,404.0,0.565998016146639,0.07954600125593789,0.0819938629416526,-0.3726567280333828,0.14203869305945774,0.40998290871254256,106.0,0.01665880873801666,0.09433962264150944,0.024752475247524754,0.03067484662576687,0.13091309130913092,0.19306930693069307,0.2331288343558282
35,2025-04-22,technical_range_relative,6363.0,404.0,0.5640266241760944,0.0778057613752092,0.08088307426694377,-0.35406104912449465,0.1362482440242747,0.4124612665197933,112.0,0.0176017601760176,0.07142857142857142,0.019801980198019802,0.03067484662576687,0.1162973440201163,0.1608910891089109,0.17791411042944785
35,2025-04-22,technical_range_regime,6363.0,404.0,0.5418191802398901,0.08153502694415157,0.08161010371440995,-0.3662322266582694,0.14801401261851915,0.307027383239717,127.0,0.019959138771019957,0.14173228346456693,0.04455445544554455,0.04294478527607362,0.12745560270312745,0.19801980198019803,0.25153374233128833
36,2025-07-23,technical,6363.0,452.0,0.6169908959297425,0.11005086828424329,0.06546587273252694,0.04344067183733391,0.011819897704675059,0.12833293030198165,150.0,0.023573785950023574,0.13333333333333333,0.04424778761061947,0.07772020725388601,0.1217978940751218,0.20575221238938052,0.24352331606217617
36,2025-07-23,technical_range,6363.0,452.0,0.6166690121761886,0.10505368068169807,0.06564200887498649,0.040867045869119156,0.015479616530828933,0.12837751319200846,44.0,0.006914977212006915,0.09090909090909091,0.008849557522123894,0.02072538860103627,0.05814867201005815,0.11283185840707964,0.17098445595854922
36,2025-07-23,technical_market,6363.0,452.0,0.6175059099354286,0.11383098562948427,0.06570607319178097,0.03993096547678243,0.012875182224197658,0.10231617016818673,8.0,0.0012572685840012573,0.375,0.00663716814159292,0.010362694300518135,0.011001100110011002,0.035398230088495575,0.05699481865284974
36,2025-07-23,technical_range_market,6363.0,452.0,0.6224591769058138,0.10699082444223593,0.06576910144237816,0.03901002364052464,0.015304641380302002,0.11030515192876099,0.0,0.0,,0.0,0.0,0.006757818639006758,0.01327433628318584,0.02072538860103627
36,2025-07-23,technical_range_beta,6363.0,452.0,0.6255616122932646,0.10828551127451844,0.06544344964265815,0.04376830843461643,0.012365358707801885,0.12115619616332256,85.0,0.013358478705013358,0.10588235294117647,0.01991150442477876,0.03626943005181347,0.08502278799308502,0.17035398230088494,0.23316062176165803
36,2025-07-23,technical_range_relative,6363.0,452.0,0.623306554601216,0.1055953573370813,0.06552415572900284,0.042589065624428435,0.0071292235767799065,0.10028348253512222,77.0,0.0121012101210121,0.1038961038961039,0.017699115044247787,0.025906735751295335,0.11456859971711457,0.2079646017699115,0.27461139896373055
36,2025-07-23,technical_range_regime,6363.0,452.0,0.6076233301344576,0.10536102818430543,0.06584052499495448,0.037966413242989216,0.016968882934035576,0.11934789611793031,6.0,0.000942951438000943,0.16666666666666666,0.0022123893805309734,0.0051813471502590676,0.0121012101210121,0.015486725663716814,0.031088082901554404
37,2025-10-21,technical,6363.0,620.0,0.6385285312273566,0.1811835797342932,0.08679980706215881,0.019541884674695198,0.020248561267521233,0.10476637649397907,466.0,0.07323589501807323,0.24034334763948498,0.18064516129032257,0.23383084577114427,0.2698412698412698,0.45806451612903226,0.572139303482587
37,2025-10-21,technical_range,6363.0,620.0,0.6866816826094039,0.20933125885108575,0.08543087397449996,0.03500484018761807,0.016984171116299476,0.11350083602959758,593.0,0.09319503378909319,0.28499156829679595,0.2725806451612903,0.3333333333333333,0.28005657708628007,0.5274193548387097,0.6268656716417911
37,2025-10-21,technical_market,6363.0,620.0,0.6535813585121859,0.1871981048261943,0.08634195756763996,0.02471358110689037,0.024514440136473907,0.10717459698084424,576.0,0.09052333804809053,0.2569444444444444,0.23870967741935484,0.27860696517412936,0.19393367908219394,0.42096774193548386,0.472636815920398
37,2025-10-21,technical_range_market,6363.0,620.0,0.6575137755359961,0.1913526506625445,0.08614113668246615,0.02698197862135121,0.023904115724175997,0.10894063840251625,613.0,0.09633820524909634,0.2495921696574225,0.2467741935483871,0.2935323383084577,0.2002200220022002,0.4241935483870968,0.46766169154228854
37,2025-10-21,technical_range_beta,6363.0,620.0,0.7024456140153792,0.2096057178857964,0.08472772558224007,0.04294734110787313,0.0206610844690705,0.12078319051767299,642.0,0.10089580386610089,0.2803738317757009,0.2903225806451613,0.3383084577114428,0.20980669495520982,0.45483870967741935,0.5024875621890548
37,2025-10-21,technical_range_relative,6363.0,620.0,0.6820086725494712,0.20738382209974981,0.08480748606765277,0.04204639653377773,0.01894921478106205,0.12137921574943088,660.0,0.10372465818010372,0.28484848484848485,0.3032258064516129,0.3283582089552239,0.22866572371522867,0.47258064516129034,0.5223880597014925
37,2025-10-21,technical_range_regime,6363.0,620.0,0.6450660832542281,0.18920531620600595,0.08663937369999404,0.02135407985377813,0.02153052354256428,0.10575483702349635,496.0,0.07795065220807795,0.25806451612903225,0.2064516129032258,0.26865671641791045,0.264969354078265,0.4693548387096774,0.5422885572139303
38,2026-01-22,technical,6363.0,1046.0,0.6050035763205506,0.2178684758074663,0.13950421739354876,0.0029815041306158196,0.06344187339030151,0.1655415029809682,498.0,0.07826496935407827,0.22690763052208834,0.10803059273422562,0.14754098360655737,0.27895646707527894,0.3938814531548757,0.5027322404371585
38,2026-01-22,technical_range,6363.0,1046.0,0.6475846261009905,0.2552370922260334,0.1348625909267062,0.036154604735192275,0.04930505689435332,0.22209522536778922,548.0,0.08612289800408612,0.32299270072992703,0.16921606118546845,0.2103825136612022,0.34637749489234637,0.5152963671128107,0.5546448087431693
38,2026-01-22,technical_market,6363.0,1046.0,0.6067275462269549,0.24168172005387475,0.1428518607706603,-0.020943667644938158,0.09148234936250617,0.19944041222615755,136.0,0.021373565928021372,0.3014705882352941,0.03919694072657744,0.04918032786885246,0.10168159673110168,0.17877629063097514,0.20765027322404372
38,2026-01-22,technical_range_market,6363.0,1046.0,0.6301849006271956,0.26037286823113526,0.1418973045258593,-0.014121578326093953,0.09219151845058246,0.21056459524170332,152.0,0.023888103096023888,0.3684210526315789,0.05353728489483748,0.06284153005464481,0.10906804966210906,0.21510516252390058,0.24043715846994534
38,2026-01-22,technical_range_beta,6363.0,1046.0,0.6513535177580767,0.2563693216050809,0.13538353828283123,0.03243146174256384,0.05434271560910335,0.248905932065858,405.0,0.06364922206506365,0.3135802469135803,0.121414913957935,0.13114754098360656,0.32736130755932735,0.491395793499044,0.5327868852459017
38,2026-01-22,technical_range_relative,6363.0,1046.0,0.6412112596739561,0.25312570218709646,0.13562332249971773,0.030717755134117897,0.05425423923794064,0.23446143044521123,419.0,0.06584944208706585,0.3126491646778043,0.12523900573613767,0.13114754098360656,0.325003928964325,0.48279158699808794,0.5409836065573771
38,2026-01-22,technical_range_regime,6363.0,1046.0,0.6317040726901086,0.25604863767574687,0.14191005988091576,-0.01421273918954502,0.09151998988272116,0.1885427574283663,184.0,0.02891717743202892,0.358695652173913,0.06309751434034416,0.09836065573770492,0.10702498821310702,0.2055449330783939,0.24863387978142076
